This is pdfTeX, Version 3.141592653-2.6-1.40.25 (MiKTeX 24.1) (preloaded format=pdflatex 2025.11.30)  26 FEB 2026 19:11
entering extended mode
 restricted \write18 enabled.
 file:line:error style messages enabled.
 %&-line parsing enabled.
**c:/Users/68/Desktop/movieApp/diplom-main/main.tex
(c:/Users/68/Desktop/movieApp/diplom-main/main.tex
LaTeX2e <2023-11-01> patch level 1
L3 programming layer <2024-01-04>
(C:\Users\68\AppData\Local\Programs\MiKTeX\tex/latex/base\article.cls
Document Class: article 2023/05/17 v1.4n Standard LaTeX document class
(C:\Users\68\AppData\Local\Programs\MiKTeX\tex/latex/base\size12.clo
File: size12.clo 2023/05/17 v1.4n Standard LaTeX file (size option)
)
\c@part=\count187
\c@section=\count188
\c@subsection=\count189
\c@subsubsection=\count190
\c@paragraph=\count191
\c@subparagraph=\count192
\c@figure=\count193
\c@table=\count194
\abovecaptionskip=\skip48
\belowcaptionskip=\skip49
\bibindent=\dimen140
) (C:\Users\68\AppData\Local\Programs\MiKTeX\tex/latex/base\inputenc.sty
Package: inputenc 2021/02/14 v1.3d Input encoding file
\inpenc@prehook=\toks17
\inpenc@posthook=\toks18
) (C:\Users\68\AppData\Local\Programs\MiKTeX\tex/latex/base\fontenc.sty
Package: fontenc 2021/04/29 v2.0v Standard LaTeX package
 (C:\Users\68\AppData\Local\Programs\MiKTeX\tex/latex/cyrillic\t2aenc.def
File: t2aenc.def 2023/11/07 v1.0k Cyrillic encoding definition file
Now handling font encoding T2A ...
... processing UTF-8 mapping file for font encoding T2A
 (C:\Users\68\AppData\Local\Programs\MiKTeX\tex/latex/base\t2aenc.dfu
File: t2aenc.dfu 2022/06/07 v1.3c UTF-8 support
   defining Unicode char U+00A4 (decimal 164)
   defining Unicode char U+00A7 (decimal 167)
   defining Unicode char U+00AB (decimal 171)
   defining Unicode char U+00BB (decimal 187)
   defining Unicode char U+0131 (decimal 305)
   defining Unicode char U+0237 (decimal 567)
   defining Unicode char U+0400 (decimal 1024)
   defining Unicode char U+0401 (decimal 1025)
   defining Unicode char U+0402 (decimal 1026)
   defining Unicode char U+0403 (decimal 1027)
   defining Unicode char U+0404 (decimal 1028)
   defining Unicode char U+0405 (decimal 1029)
   defining Unicode char U+0406 (decimal 1030)
   defining Unicode char U+0407 (decimal 1031)
   defining Unicode char U+0408 (decimal 1032)
   defining Unicode char U+0409 (decimal 1033)
   defining Unicode char U+040A (decimal 1034)
   defining Unicode char U+040B (decimal 1035)
   defining Unicode char U+040C (decimal 1036)
   defining Unicode char U+040D (decimal 1037)
   defining Unicode char U+040E (decimal 1038)
   defining Unicode char U+040F (decimal 1039)
   defining Unicode char U+0410 (decimal 1040)
   defining Unicode char U+0411 (decimal 1041)
   defining Unicode char U+0412 (decimal 1042)
   defining Unicode char U+0413 (decimal 1043)
   defining Unicode char U+0414 (decimal 1044)
   defining Unicode char U+0415 (decimal 1045)
   defining Unicode char U+0416 (decimal 1046)
   defining Unicode char U+0417 (decimal 1047)
   defining Unicode char U+0418 (decimal 1048)
   defining Unicode char U+0419 (decimal 1049)
   defining Unicode char U+041A (decimal 1050)
   defining Unicode char U+041B (decimal 1051)
   defining Unicode char U+041C (decimal 1052)
   defining Unicode char U+041D (decimal 1053)
   defining Unicode char U+041E (decimal 1054)
   defining Unicode char U+041F (decimal 1055)
   defining Unicode char U+0420 (decimal 1056)
   defining Unicode char U+0421 (decimal 1057)
   defining Unicode char U+0422 (decimal 1058)
   defining Unicode char U+0423 (decimal 1059)
   defining Unicode char U+0424 (decimal 1060)
   defining Unicode char U+0425 (decimal 1061)
   defining Unicode char U+0426 (decimal 1062)
   defining Unicode char U+0427 (decimal 1063)
   defining Unicode char U+0428 (decimal 1064)
   defining Unicode char U+0429 (decimal 1065)
   defining Unicode char U+042A (decimal 1066)
   defining Unicode char U+042B (decimal 1067)
   defining Unicode char U+042C (decimal 1068)
   defining Unicode char U+042D (decimal 1069)
   defining Unicode char U+042E (decimal 1070)
   defining Unicode char U+042F (decimal 1071)
   defining Unicode char U+0430 (decimal 1072)
   defining Unicode char U+0431 (decimal 1073)
   defining Unicode char U+0432 (decimal 1074)
   defining Unicode char U+0433 (decimal 1075)
   defining Unicode char U+0434 (decimal 1076)
   defining Unicode char U+0435 (decimal 1077)
   defining Unicode char U+0436 (decimal 1078)
   defining Unicode char U+0437 (decimal 1079)
   defining Unicode char U+0438 (decimal 1080)
   defining Unicode char U+0439 (decimal 1081)
   defining Unicode char U+043A (decimal 1082)
   defining Unicode char U+043B (decimal 1083)
   defining Unicode char U+043C (decimal 1084)
   defining Unicode char U+043D (decimal 1085)
   defining Unicode char U+043E (decimal 1086)
   defining Unicode char U+043F (decimal 1087)
   defining Unicode char U+0440 (decimal 1088)
   defining Unicode char U+0441 (decimal 1089)
   defining Unicode char U+0442 (decimal 1090)
   defining Unicode char U+0443 (decimal 1091)
   defining Unicode char U+0444 (decimal 1092)
   defining Unicode char U+0445 (decimal 1093)
   defining Unicode char U+0446 (decimal 1094)
   defining Unicode char U+0447 (decimal 1095)
   defining Unicode char U+0448 (decimal 1096)
   defining Unicode char U+0449 (decimal 1097)
   defining Unicode char U+044A (decimal 1098)
   defining Unicode char U+044B (decimal 1099)
   defining Unicode char U+044C (decimal 1100)
   defining Unicode char U+044D (decimal 1101)
   defining Unicode char U+044E (decimal 1102)
   defining Unicode char U+044F (decimal 1103)
   defining Unicode char U+0450 (decimal 1104)
   defining Unicode char U+0451 (decimal 1105)
   defining Unicode char U+0452 (decimal 1106)
   defining Unicode char U+0453 (decimal 1107)
   defining Unicode char U+0454 (decimal 1108)
   defining Unicode char U+0455 (decimal 1109)
   defining Unicode char U+0456 (decimal 1110)
   defining Unicode char U+0457 (decimal 1111)
   defining Unicode char U+0458 (decimal 1112)
   defining Unicode char U+0459 (decimal 1113)
   defining Unicode char U+045A (decimal 1114)
   defining Unicode char U+045B (decimal 1115)
   defining Unicode char U+045C (decimal 1116)
   defining Unicode char U+045D (decimal 1117)
   defining Unicode char U+045E (decimal 1118)
   defining Unicode char U+045F (decimal 1119)
   defining Unicode char U+0490 (decimal 1168)
   defining Unicode char U+0491 (decimal 1169)
   defining Unicode char U+0492 (decimal 1170)
   defining Unicode char U+0493 (decimal 1171)
   defining Unicode char U+0496 (decimal 1174)
   defining Unicode char U+0497 (decimal 1175)
   defining Unicode char U+0498 (decimal 1176)
   defining Unicode char U+0499 (decimal 1177)
   defining Unicode char U+049A (decimal 1178)
   defining Unicode char U+049B (decimal 1179)
   defining Unicode char U+049C (decimal 1180)
   defining Unicode char U+049D (decimal 1181)
   defining Unicode char U+04A0 (decimal 1184)
   defining Unicode char U+04A1 (decimal 1185)
   defining Unicode char U+04A2 (decimal 1186)
   defining Unicode char U+04A3 (decimal 1187)
   defining Unicode char U+04A4 (decimal 1188)
   defining Unicode char U+04A5 (decimal 1189)
   defining Unicode char U+04AA (decimal 1194)
   defining Unicode char U+04AB (decimal 1195)
   defining Unicode char U+04AE (decimal 1198)
   defining Unicode char U+04AF (decimal 1199)
   defining Unicode char U+04B0 (decimal 1200)
   defining Unicode char U+04B1 (decimal 1201)
   defining Unicode char U+04B2 (decimal 1202)
   defining Unicode char U+04B3 (decimal 1203)
   defining Unicode char U+04B6 (decimal 1206)
   defining Unicode char U+04B7 (decimal 1207)
   defining Unicode char U+04B8 (decimal 1208)
   defining Unicode char U+04B9 (decimal 1209)
   defining Unicode char U+04BA (decimal 1210)
   defining Unicode char U+04BB (decimal 1211)
   defining Unicode char U+04C0 (decimal 1216)
   defining Unicode char U+04C1 (decimal 1217)
   defining Unicode char U+04C2 (decimal 1218)
   defining Unicode char U+04D0 (decimal 1232)
   defining Unicode char U+04D1 (decimal 1233)
   defining Unicode char U+04D2 (decimal 1234)
   defining Unicode char U+04D3 (decimal 1235)
   defining Unicode char U+04D4 (decimal 1236)
   defining Unicode char U+04D5 (decimal 1237)
   defining Unicode char U+04D6 (decimal 1238)
   defining Unicode char U+04D7 (decimal 1239)
   defining Unicode char U+04D8 (decimal 1240)
   defining Unicode char U+04D9 (decimal 1241)
   defining Unicode char U+04DA (decimal 1242)
   defining Unicode char U+04DB (decimal 1243)
   defining Unicode char U+04DC (decimal 1244)
   defining Unicode char U+04DD (decimal 1245)
   defining Unicode char U+04DE (decimal 1246)
   defining Unicode char U+04DF (decimal 1247)
   defining Unicode char U+04E2 (decimal 1250)
   defining Unicode char U+04E3 (decimal 1251)
   defining Unicode char U+04E4 (decimal 1252)
   defining Unicode char U+04E5 (decimal 1253)
   defining Unicode char U+04E6 (decimal 1254)
   defining Unicode char U+04E7 (decimal 1255)
   defining Unicode char U+04E8 (decimal 1256)
   defining Unicode char U+04E9 (decimal 1257)
   defining Unicode char U+04EC (decimal 1260)
   defining Unicode char U+04ED (decimal 1261)
   defining Unicode char U+04EE (decimal 1262)
   defining Unicode char U+04EF (decimal 1263)
   defining Unicode char U+04F0 (decimal 1264)
   defining Unicode char U+04F1 (decimal 1265)
   defining Unicode char U+04F2 (decimal 1266)
   defining Unicode char U+04F3 (decimal 1267)
   defining Unicode char U+04F4 (decimal 1268)
   defining Unicode char U+04F5 (decimal 1269)
   defining Unicode char U+04F8 (decimal 1272)
   defining Unicode char U+04F9 (decimal 1273)
   defining Unicode char U+200C (decimal 8204)
   defining Unicode char U+2013 (decimal 8211)
   defining Unicode char U+2014 (decimal 8212)
   defining Unicode char U+2018 (decimal 8216)
   defining Unicode char U+2019 (decimal 8217)
   defining Unicode char U+201C (decimal 8220)
   defining Unicode char U+201D (decimal 8221)
   defining Unicode char U+201E (decimal 8222)
   defining Unicode char U+2030 (decimal 8240)
   defining Unicode char U+2031 (decimal 8241)
   defining Unicode char U+2116 (decimal 8470)
   defining Unicode char U+2329 (decimal 9001)
   defining Unicode char U+3008 (decimal 12296)
   defining Unicode char U+232A (decimal 9002)
   defining Unicode char U+3009 (decimal 12297)
   defining Unicode char U+2423 (decimal 9251)
   defining Unicode char U+27E8 (decimal 10216)
   defining Unicode char U+27E9 (decimal 10217)
   defining Unicode char U+FB00 (decimal 64256)
   defining Unicode char U+FB01 (decimal 64257)
   defining Unicode char U+FB02 (decimal 64258)
   defining Unicode char U+FB03 (decimal 64259)
   defining Unicode char U+FB04 (decimal 64260)
   defining Unicode char U+FB05 (decimal 64261)
   defining Unicode char U+FB06 (decimal 64262)
))
LaTeX Font Info:    Trying to load font information for T2A+cmr on input line 112.
 (C:\Users\68\AppData\Local\Programs\MiKTeX\tex/latex/cyrillic\t2acmr.fd
File: t2acmr.fd 2001/08/11 v1.0a Computer Modern Cyrillic font definitions
)) (C:\Users\68\AppData\Local\Programs\MiKTeX\tex/generic/babel\babel.sty
Package: babel 2024/01/07 v24.1 The Babel package
\babel@savecnt=\count195
\U@D=\dimen141
\l@unhyphenated=\language79
 (C:\Users\68\AppData\Local\Programs\MiKTeX\tex/generic/babel\txtbabel.def)
\bbl@readstream=\read2
\bbl@dirlevel=\count196

*************************************
* Local config file bblopts.cfg used
*
(C:\Users\68\AppData\Local\Programs\MiKTeX\tex/latex/arabi\bblopts.cfg
File: bblopts.cfg 2005/09/08 v0.1 add Arabic and Farsi to "declared" options of babel
) (C:\Users\68\AppData\Local\Programs\MiKTeX\tex/latex/mongolian-babel\mongolian.ldf
Language: mongolian 2008/03/30 v1.2 Mongolian support from the babel system
Package babel Info: Making " an active character on input line 175.
) (C:\Users\68\AppData\Local\Programs\MiKTeX\tex/latex/babel-english\english.ldf
Language: english 2017/06/06 v3.3r English support from the babel system
Package babel Info: Hyphen rules for 'canadian' set to \l@english
(babel)             (\language0). Reported on input line 102.
Package babel Info: Hyphen rules for 'australian' set to \l@ukenglish
(babel)             (\language73). Reported on input line 105.
Package babel Info: Hyphen rules for 'newzealand' set to \l@ukenglish
(babel)             (\language73). Reported on input line 108.
)) (C:\Users\68\AppData\Local\Programs\MiKTeX\tex/generic/babel/locale/en\babel-english.tex
Package babel Info: Importing font and identification data for english
(babel)             from babel-en.ini. Reported on input line 11.
) (C:\Users\68\AppData\Local\Programs\MiKTeX\tex/generic/babel/locale/mn\babel-mongolian.tex
Package babel Info: Importing font and identification data for mongolian
(babel)             from babel-mn.ini. Reported on input line 11.
) (C:\Users\68\AppData\Local\Programs\MiKTeX\tex/latex/geometry\geometry.sty
Package: geometry 2020/01/02 v5.9 Page Geometry
 (C:\Users\68\AppData\Local\Programs\MiKTeX\tex/latex/graphics\keyval.sty
Package: keyval 2022/05/29 v1.15 key=value parser (DPC)
\KV@toks@=\toks19
) (C:\Users\68\AppData\Local\Programs\MiKTeX\tex/generic/iftex\ifvtex.sty
Package: ifvtex 2019/10/25 v1.7 ifvtex legacy package. Use iftex instead.
 (C:\Users\68\AppData\Local\Programs\MiKTeX\tex/generic/iftex\iftex.sty
Package: iftex 2022/02/03 v1.0f TeX engine tests
))
\Gm@cnth=\count197
\Gm@cntv=\count198
\c@Gm@tempcnt=\count199
\Gm@bindingoffset=\dimen142
\Gm@wd@mp=\dimen143
\Gm@odd@mp=\dimen144
\Gm@even@mp=\dimen145
\Gm@layoutwidth=\dimen146
\Gm@layoutheight=\dimen147
\Gm@layouthoffset=\dimen148
\Gm@layoutvoffset=\dimen149
\Gm@dimlist=\toks20
 (C:\Users\68\AppData\Local\Programs\MiKTeX\tex/latex/geometry\geometry.cfg)) (C:\Users\68\AppData\Local\Programs\MiKTeX\tex/latex/biblatex\biblatex.sty
Package: biblatex 2023/03/05 v3.19 programmable bibliographies (PK/MW)
 (C:\Users\68\AppData\Local\Programs\MiKTeX\tex/generic/pdftexcmds\pdftexcmds.sty
Package: pdftexcmds 2020-06-27 v0.33 Utility functions of pdfTeX for LuaTeX (HO)
 (C:\Users\68\AppData\Local\Programs\MiKTeX\tex/generic/infwarerr\infwarerr.sty
Package: infwarerr 2019/12/03 v1.5 Providing info/warning/error messages (HO)
) (C:\Users\68\AppData\Local\Programs\MiKTeX\tex/generic/ltxcmds\ltxcmds.sty
Package: ltxcmds 2023-12-04 v1.26 LaTeX kernel commands for general use (HO)
)
Package pdftexcmds Info: \pdf@primitive is available.
Package pdftexcmds Info: \pdf@ifprimitive is available.
Package pdftexcmds Info: \pdfdraftmode found.
) (C:\Users\68\AppData\Local\Programs\MiKTeX\tex/latex/etoolbox\etoolbox.sty
Package: etoolbox 2020/10/05 v2.5k e-TeX tools for LaTeX (JAW)
\etb@tempcnta=\count266
) (C:\Users\68\AppData\Local\Programs\MiKTeX\tex/latex/kvoptions\kvoptions.sty
Package: kvoptions 2022-06-15 v3.15 Key value format for package options (HO)
 (C:\Users\68\AppData\Local\Programs\MiKTeX\tex/latex/kvsetkeys\kvsetkeys.sty
Package: kvsetkeys 2022-10-05 v1.19 Key value parser (HO)
)) (C:\Users\68\AppData\Local\Programs\MiKTeX\tex/latex/logreq\logreq.sty
Package: logreq 2010/08/04 v1.0 xml request logger
\lrq@indent=\count267
 (C:\Users\68\AppData\Local\Programs\MiKTeX\tex/latex/logreq\logreq.def
File: logreq.def 2010/08/04 v1.0 logreq spec v1.0
)) (C:\Users\68\AppData\Local\Programs\MiKTeX\tex/latex/base\ifthen.sty
Package: ifthen 2022/04/13 v1.1d Standard LaTeX ifthen package (DPC)
) (C:\Users\68\AppData\Local\Programs\MiKTeX\tex/latex/url\url.sty
\Urlmuskip=\muskip16
Package: url 2013/09/16  ver 3.4  Verb mode for urls, etc.
)
\c@tabx@nest=\count268
\c@listtotal=\count269
\c@listcount=\count270
\c@liststart=\count271
\c@liststop=\count272
\c@citecount=\count273
\c@citetotal=\count274
\c@multicitecount=\count275
\c@multicitetotal=\count276
\c@instcount=\count277
\c@maxnames=\count278
\c@minnames=\count279
\c@maxitems=\count280
\c@minitems=\count281
\c@citecounter=\count282
\c@maxcitecounter=\count283
\c@savedcitecounter=\count284
\c@uniquelist=\count285
\c@uniquename=\count286
\c@refsection=\count287
\c@refsegment=\count288
\c@maxextratitle=\count289
\c@maxextratitleyear=\count290
\c@maxextraname=\count291
\c@maxextradate=\count292
\c@maxextraalpha=\count293
\c@abbrvpenalty=\count294
\c@highnamepenalty=\count295
\c@lownamepenalty=\count296
\c@maxparens=\count297
\c@parenlevel=\count298
\blx@tempcnta=\count299
\blx@tempcntb=\count300
\blx@tempcntc=\count301
\c@blx@maxsection=\count302
\blx@maxsegment@0=\count303
\blx@notetype=\count304
\blx@parenlevel@text=\count305
\blx@parenlevel@foot=\count306
\blx@sectionciteorder@0=\count307
\blx@sectionciteorderinternal@0=\count308
\blx@entrysetcounter=\count309
\blx@biblioinstance=\count310
\labelnumberwidth=\skip50
\labelalphawidth=\skip51
\biblabelsep=\skip52
\bibitemsep=\skip53
\bibnamesep=\skip54
\bibinitsep=\skip55
\bibparsep=\skip56
\bibhang=\skip57
\blx@bcfin=\read3
\blx@bcfout=\write3
\blx@langwohyphens=\language80
\c@mincomprange=\count311
\c@maxcomprange=\count312
\c@mincompwidth=\count313
Package biblatex Info: Trying to load biblatex default data model...
Package biblatex Info: ... file 'blx-dm.def' found.
 (C:\Users\68\AppData\Local\Programs\MiKTeX\tex/latex/biblatex\blx-dm.def
File: blx-dm.def 2023/03/05 v3.19 biblatex localization (PK/MW)
)
Package biblatex Info: Trying to load biblatex style data model...
Package biblatex Info: ... file 'numeric.dbx' not found.
Package biblatex Info: Trying to load biblatex custom data model...
Package biblatex Info: ... file 'biblatex-dm.cfg' not found.
\c@afterword=\count314
\c@savedafterword=\count315
\c@annotator=\count316
\c@savedannotator=\count317
\c@author=\count318
\c@savedauthor=\count319
\c@bookauthor=\count320
\c@savedbookauthor=\count321
\c@commentator=\count322
\c@savedcommentator=\count323
\c@editor=\count324
\c@savededitor=\count325
\c@editora=\count326
\c@savededitora=\count327
\c@editorb=\count328
\c@savededitorb=\count329
\c@editorc=\count330
\c@savededitorc=\count331
\c@foreword=\count332
\c@savedforeword=\count333
\c@holder=\count334
\c@savedholder=\count335
\c@introduction=\count336
\c@savedintroduction=\count337
\c@namea=\count338
\c@savednamea=\count339
\c@nameb=\count340
\c@savednameb=\count341
\c@namec=\count342
\c@savednamec=\count343
\c@translator=\count344
\c@savedtranslator=\count345
\c@shortauthor=\count346
\c@savedshortauthor=\count347
\c@shorteditor=\count348
\c@savedshorteditor=\count349
\c@labelname=\count350
\c@savedlabelname=\count351
\c@institution=\count352
\c@savedinstitution=\count353
\c@lista=\count354
\c@savedlista=\count355
\c@listb=\count356
\c@savedlistb=\count357
\c@listc=\count358
\c@savedlistc=\count359
\c@listd=\count360
\c@savedlistd=\count361
\c@liste=\count362
\c@savedliste=\count363
\c@listf=\count364
\c@savedlistf=\count365
\c@location=\count366
\c@savedlocation=\count367
\c@organization=\count368
\c@savedorganization=\count369
\c@origlocation=\count370
\c@savedoriglocation=\count371
\c@origpublisher=\count372
\c@savedorigpublisher=\count373
\c@publisher=\count374
\c@savedpublisher=\count375
\c@language=\count376
\c@savedlanguage=\count377
\c@origlanguage=\count378
\c@savedoriglanguage=\count379
\c@pageref=\count380
\c@savedpageref=\count381
\shorthandwidth=\skip58
\shortjournalwidth=\skip59
\shortserieswidth=\skip60
\shorttitlewidth=\skip61
\shortauthorwidth=\skip62
\shorteditorwidth=\skip63
\locallabelnumberwidth=\skip64
\locallabelalphawidth=\skip65
\localshorthandwidth=\skip66
\localshortjournalwidth=\skip67
\localshortserieswidth=\skip68
\localshorttitlewidth=\skip69
\localshortauthorwidth=\skip70
\localshorteditorwidth=\skip71
Package biblatex Info: Trying to load compatibility code...
Package biblatex Info: ... file 'blx-compat.def' found.
 (C:\Users\68\AppData\Local\Programs\MiKTeX\tex/latex/biblatex\blx-compat.def
File: blx-compat.def 2023/03/05 v3.19 biblatex compatibility (PK/MW)
)
Package biblatex Info: Trying to load generic definitions...
Package biblatex Info: ... file 'biblatex.def' found.
 (C:\Users\68\AppData\Local\Programs\MiKTeX\tex/latex/biblatex\biblatex.def
File: biblatex.def 2023/03/05 v3.19 biblatex compatibility (PK/MW)
\c@textcitecount=\count382
\c@textcitetotal=\count383
\c@textcitemaxnames=\count384
\c@biburlbigbreakpenalty=\count385
\c@biburlbreakpenalty=\count386
\c@biburlnumpenalty=\count387
\c@biburlucpenalty=\count388
\c@biburllcpenalty=\count389
\biburlbigskip=\muskip17
\biburlnumskip=\muskip18
\biburlucskip=\muskip19
\biburllcskip=\muskip20
\c@smartand=\count390
)
Package biblatex Info: Trying to load bibliography style 'numeric'...
Package biblatex Info: ... file 'numeric.bbx' found.
 (C:\Users\68\AppData\Local\Programs\MiKTeX\tex/latex/biblatex/bbx\numeric.bbx
File: numeric.bbx 2023/03/05 v3.19 biblatex bibliography style (PK/MW)
Package biblatex Info: Trying to load bibliography style 'standard'...
Package biblatex Info: ... file 'standard.bbx' found.
 (C:\Users\68\AppData\Local\Programs\MiKTeX\tex/latex/biblatex/bbx\standard.bbx
File: standard.bbx 2023/03/05 v3.19 biblatex bibliography style (PK/MW)
\c@bbx:relatedcount=\count391
\c@bbx:relatedtotal=\count392
))
Package biblatex Info: Trying to load citation style 'numeric'...
Package biblatex Info: ... file 'numeric.cbx' found.
 (C:\Users\68\AppData\Local\Programs\MiKTeX\tex/latex/biblatex/cbx\numeric.cbx
File: numeric.cbx 2023/03/05 v3.19 biblatex citation style (PK/MW)
Package biblatex Info: Redefining '\cite'.
Package biblatex Info: Redefining '\parencite'.
Package biblatex Info: Redefining '\footcite'.
Package biblatex Info: Redefining '\footcitetext'.
Package biblatex Info: Redefining '\smartcite'.
Package biblatex Info: Redefining '\supercite'.
Package biblatex Info: Redefining '\textcite'.
Package biblatex Info: Redefining '\textcites'.
Package biblatex Info: Redefining '\cites'.
Package biblatex Info: Redefining '\parencites'.
Package biblatex Info: Redefining '\smartcites'.
)
Package biblatex Info: Trying to load configuration file...
Package biblatex Info: ... file 'biblatex.cfg' found.
 (C:\Users\68\AppData\Local\Programs\MiKTeX\tex/latex/biblatex\biblatex.cfg
File: biblatex.cfg 
)
Package biblatex Info: Input encoding 'utf8' detected.
Package biblatex Info: Document encoding is UTF8 ....
 (C:\Users\68\AppData\Local\Programs\MiKTeX\tex/latex/l3kernel\expl3.sty
Package: expl3 2024-01-04 L3 programming layer (loader) 
 (C:\Users\68\AppData\Local\Programs\MiKTeX\tex/latex/l3backend\l3backend-pdftex.def
File: l3backend-pdftex.def 2024-01-04 L3 backend support: PDF output (pdfTeX)
\l__color_backend_stack_int=\count393
\l__pdf_internal_box=\box51
))
Package biblatex Info: ... and expl3
(biblatex)             2024-01-04 L3 programming layer (loader) 
(biblatex)             is new enough (at least 2020/04/06),
(biblatex)             setting 'casechanger=expl3'.
 (C:\Users\68\AppData\Local\Programs\MiKTeX\tex/latex/biblatex\blx-case-expl3.sty (C:\Users\68\AppData\Local\Programs\MiKTeX\tex/latex/l3packages/xparse\xparse.sty
Package: xparse 2023-10-10 L3 Experimental document command parser
)
Package: blx-case-expl3 2023/03/05 v3.19 expl3 case changing code for biblatex
)) (C:\Users\68\AppData\Local\Programs\MiKTeX\tex/latex/graphics\graphicx.sty
Package: graphicx 2021/09/16 v1.2d Enhanced LaTeX Graphics (DPC,SPQR)
 (C:\Users\68\AppData\Local\Programs\MiKTeX\tex/latex/graphics\graphics.sty
Package: graphics 2022/03/10 v1.4e Standard LaTeX Graphics (DPC,SPQR)
 (C:\Users\68\AppData\Local\Programs\MiKTeX\tex/latex/graphics\trig.sty
Package: trig 2021/08/11 v1.11 sin cos tan (DPC)
) (C:\Users\68\AppData\Local\Programs\MiKTeX\tex/latex/graphics-cfg\graphics.cfg
File: graphics.cfg 2016/06/04 v1.11 sample graphics configuration
)
Package graphics Info: Driver file: pdftex.def on input line 107.
 (C:\Users\68\AppData\Local\Programs\MiKTeX\tex/latex/graphics-def\pdftex.def
File: pdftex.def 2022/09/22 v1.2b Graphics/color driver for pdftex
))
\Gin@req@height=\dimen150
\Gin@req@width=\dimen151
) (C:\Users\68\AppData\Local\Programs\MiKTeX\tex/latex/amsmath\amsmath.sty
Package: amsmath 2023/05/13 v2.17o AMS math features
\@mathmargin=\skip72

For additional information on amsmath, use the `?' option.
(C:\Users\68\AppData\Local\Programs\MiKTeX\tex/latex/amsmath\amstext.sty
Package: amstext 2021/08/26 v2.01 AMS text
 (C:\Users\68\AppData\Local\Programs\MiKTeX\tex/latex/amsmath\amsgen.sty
File: amsgen.sty 1999/11/30 v2.0 generic functions
\@emptytoks=\toks21
\ex@=\dimen152
)) (C:\Users\68\AppData\Local\Programs\MiKTeX\tex/latex/amsmath\amsbsy.sty
Package: amsbsy 1999/11/29 v1.2d Bold Symbols
\pmbraise@=\dimen153
) (C:\Users\68\AppData\Local\Programs\MiKTeX\tex/latex/amsmath\amsopn.sty
Package: amsopn 2022/04/08 v2.04 operator names
)
\inf@bad=\count394
LaTeX Info: Redefining \frac on input line 234.
\uproot@=\count395
\leftroot@=\count396
LaTeX Info: Redefining \overline on input line 399.
LaTeX Info: Redefining \colon on input line 410.
\classnum@=\count397
\DOTSCASE@=\count398
LaTeX Info: Redefining \ldots on input line 496.
LaTeX Info: Redefining \dots on input line 499.
LaTeX Info: Redefining \cdots on input line 620.
\Mathstrutbox@=\box52
\strutbox@=\box53
LaTeX Info: Redefining \big on input line 722.
LaTeX Info: Redefining \Big on input line 723.
LaTeX Info: Redefining \bigg on input line 724.
LaTeX Info: Redefining \Bigg on input line 725.
\big@size=\dimen154
LaTeX Font Info:    Redeclaring font encoding OML on input line 743.
LaTeX Font Info:    Redeclaring font encoding OMS on input line 744.
\macc@depth=\count399
LaTeX Info: Redefining \bmod on input line 905.
LaTeX Info: Redefining \pmod on input line 910.
LaTeX Info: Redefining \smash on input line 940.
LaTeX Info: Redefining \relbar on input line 970.
LaTeX Info: Redefining \Relbar on input line 971.
\c@MaxMatrixCols=\count400
\dotsspace@=\muskip21
\c@parentequation=\count401
\dspbrk@lvl=\count402
\tag@help=\toks22
\row@=\count403
\column@=\count404
\maxfields@=\count405
\andhelp@=\toks23
\eqnshift@=\dimen155
\alignsep@=\dimen156
\tagshift@=\dimen157
\tagwidth@=\dimen158
\totwidth@=\dimen159
\lineht@=\dimen160
\@envbody=\toks24
\multlinegap=\skip73
\multlinetaggap=\skip74
\mathdisplay@stack=\toks25
LaTeX Info: Redefining \[ on input line 2953.
LaTeX Info: Redefining \] on input line 2954.
) (C:\Users\68\AppData\Local\Programs\MiKTeX\tex/latex/amsfonts\amssymb.sty
Package: amssymb 2013/01/14 v3.01 AMS font symbols
 (C:\Users\68\AppData\Local\Programs\MiKTeX\tex/latex/amsfonts\amsfonts.sty
Package: amsfonts 2013/01/14 v3.01 Basic AMSFonts support
\symAMSa=\mathgroup4
\symAMSb=\mathgroup5
LaTeX Font Info:    Redeclaring math symbol \hbar on input line 98.
LaTeX Font Info:    Overwriting math alphabet `\mathfrak' in version `bold'
(Font)                  U/euf/m/n --> U/euf/b/n on input line 106.
)) (C:\Users\68\AppData\Local\Programs\MiKTeX\tex/latex/booktabs\booktabs.sty
Package: booktabs 2020/01/12 v1.61803398 Publication quality tables
\heavyrulewidth=\dimen161
\lightrulewidth=\dimen162
\cmidrulewidth=\dimen163
\belowrulesep=\dimen164
\belowbottomsep=\dimen165
\aboverulesep=\dimen166
\abovetopsep=\dimen167
\cmidrulesep=\dimen168
\cmidrulekern=\dimen169
\defaultaddspace=\dimen170
\@cmidla=\count406
\@cmidlb=\count407
\@aboverulesep=\dimen171
\@belowrulesep=\dimen172
\@thisruleclass=\count408
\@lastruleclass=\count409
\@thisrulewidth=\dimen173
) (C:\Users\68\AppData\Local\Programs\MiKTeX\tex/latex/caption\caption.sty
Package: caption 2023/08/05 v3.6o Customizing captions (AR)
 (C:\Users\68\AppData\Local\Programs\MiKTeX\tex/latex/caption\caption3.sty
Package: caption3 2023/07/31 v2.4d caption3 kernel (AR)
\caption@tempdima=\dimen174
\captionmargin=\dimen175
\caption@leftmargin=\dimen176
\caption@rightmargin=\dimen177
\caption@width=\dimen178
\caption@indent=\dimen179
\caption@parindent=\dimen180
\caption@hangindent=\dimen181
Package caption Info: Standard document class detected.
)
\c@caption@flags=\count410
\c@continuedfloat=\count411
) (C:\Users\68\AppData\Local\Programs\MiKTeX\tex/latex/caption\subcaption.sty
Package: subcaption 2023/07/28 v1.6b Sub-captions (AR)
Package caption Info: New subtype `subfigure' on input line 238.
\c@subfigure=\count412
Package caption Info: New subtype `subtable' on input line 238.
\c@subtable=\count413
) (C:\Users\68\AppData\Local\Programs\MiKTeX\tex/latex/tools\array.sty
Package: array 2023/10/16 v2.5g Tabular extension package (FMi)
\col@sep=\dimen182
\ar@mcellbox=\box54
\extrarowheight=\dimen183
\NC@list=\toks26
\extratabsurround=\skip75
\backup@length=\skip76
\ar@cellbox=\box55
) (C:\Users\68\AppData\Local\Programs\MiKTeX\tex/latex/multirow\multirow.sty
Package: multirow 2024/11/12 v2.9 Span multiple rows of a table
\multirow@colwidth=\skip77
\multirow@cntb=\count414
\multirow@dima=\skip78
\bigstrutjot=\dimen184
) (C:\Users\68\AppData\Local\Programs\MiKTeX\tex/latex/tools\longtable.sty
Package: longtable 2023-11-01 v4.19 Multi-page Table package (DPC)
\LTleft=\skip79
\LTright=\skip80
\LTpre=\skip81
\LTpost=\skip82
\LTchunksize=\count415
\LTcapwidth=\dimen185
\LT@head=\box56
\LT@firsthead=\box57
\LT@foot=\box58
\LT@lastfoot=\box59
\LT@gbox=\box60
\LT@cols=\count416
\LT@rows=\count417
\c@LT@tables=\count418
\c@LT@chunks=\count419
\LT@p@ftn=\toks27
) (C:\Users\68\AppData\Local\Programs\MiKTeX\tex/latex/xcolor\xcolor.sty
Package: xcolor 2023/11/15 v3.01 LaTeX color extensions (UK)
 (C:\Users\68\AppData\Local\Programs\MiKTeX\tex/latex/graphics-cfg\color.cfg
File: color.cfg 2016/01/02 v1.6 sample color configuration
)
Package xcolor Info: Driver file: pdftex.def on input line 274.
 (C:\Users\68\AppData\Local\Programs\MiKTeX\tex/latex/graphics\mathcolor.ltx)
Package xcolor Info: Model `cmy' substituted by `cmy0' on input line 1350.
Package xcolor Info: Model `hsb' substituted by `rgb' on input line 1354.
Package xcolor Info: Model `RGB' extended on input line 1366.
Package xcolor Info: Model `HTML' substituted by `rgb' on input line 1368.
Package xcolor Info: Model `Hsb' substituted by `hsb' on input line 1369.
Package xcolor Info: Model `tHsb' substituted by `hsb' on input line 1370.
Package xcolor Info: Model `HSB' substituted by `hsb' on input line 1371.
Package xcolor Info: Model `Gray' substituted by `gray' on input line 1372.
Package xcolor Info: Model `wave' substituted by `hsb' on input line 1373.
) (C:\Users\68\AppData\Local\Programs\MiKTeX\tex/latex/colortbl\colortbl.sty
Package: colortbl 2024/10/29 v1.0k Color table columns (DPC)
\everycr=\toks28
\minrowclearance=\skip83
\rownum=\count420
) (C:\Users\68\AppData\Local\Programs\MiKTeX\tex/latex/float\float.sty
Package: float 2001/11/08 v1.3d Float enhancements (AL)
\c@float@type=\count421
\float@exts=\toks29
\float@box=\box61
\@float@everytoks=\toks30
\@floatcapt=\box62
) (C:\Users\68\AppData\Local\Programs\MiKTeX\tex/latex/listings\listings.sty
\lst@mode=\count422
\lst@gtempboxa=\box63
\lst@token=\toks31
\lst@length=\count423
\lst@currlwidth=\dimen186
\lst@column=\count424
\lst@pos=\count425
\lst@lostspace=\dimen187
\lst@width=\dimen188
\lst@newlines=\count426
\lst@lineno=\count427
\lst@maxwidth=\dimen189
 (C:\Users\68\AppData\Local\Programs\MiKTeX\tex/latex/listings\lstmisc.sty
File: lstmisc.sty 2023/02/27 1.9 (Carsten Heinz)
\c@lstnumber=\count428
\lst@skipnumbers=\count429
\lst@framebox=\box64
) (C:\Users\68\AppData\Local\Programs\MiKTeX\tex/latex/listings\listings.cfg
File: listings.cfg 2023/02/27 1.9 listings configuration
))
Package: listings 2023/02/27 1.9 (Carsten Heinz)
 (C:\Users\68\AppData\Local\Programs\MiKTeX\tex/latex/pgf/frontendlayer\tikz.sty (C:\Users\68\AppData\Local\Programs\MiKTeX\tex/latex/pgf/basiclayer\pgf.sty (C:\Users\68\AppData\Local\Programs\MiKTeX\tex/latex/pgf/utilities\pgfrcs.sty (C:\Users\68\AppData\Local\Programs\MiKTeX\tex/generic/pgf/utilities\pgfutil-common.tex
\pgfutil@everybye=\toks32
\pgfutil@tempdima=\dimen190
\pgfutil@tempdimb=\dimen191
) (C:\Users\68\AppData\Local\Programs\MiKTeX\tex/generic/pgf/utilities\pgfutil-latex.def
\pgfutil@abb=\box65
) (C:\Users\68\AppData\Local\Programs\MiKTeX\tex/generic/pgf/utilities\pgfrcs.code.tex (C:\Users\68\AppData\Local\Programs\MiKTeX\tex/generic/pgf\pgf.revision.tex)
Package: pgfrcs 2023-01-15 v3.1.10 (3.1.10)
))
Package: pgf 2023-01-15 v3.1.10 (3.1.10)
 (C:\Users\68\AppData\Local\Programs\MiKTeX\tex/latex/pgf/basiclayer\pgfcore.sty (C:\Users\68\AppData\Local\Programs\MiKTeX\tex/latex/pgf/systemlayer\pgfsys.sty (C:\Users\68\AppData\Local\Programs\MiKTeX\tex/generic/pgf/systemlayer\pgfsys.code.tex
Package: pgfsys 2023-01-15 v3.1.10 (3.1.10)
 (C:\Users\68\AppData\Local\Programs\MiKTeX\tex/generic/pgf/utilities\pgfkeys.code.tex
\pgfkeys@pathtoks=\toks33
\pgfkeys@temptoks=\toks34
 (C:\Users\68\AppData\Local\Programs\MiKTeX\tex/generic/pgf/utilities\pgfkeyslibraryfiltered.code.tex
\pgfkeys@tmptoks=\toks35
))
\pgf@x=\dimen192
\pgf@y=\dimen193
\pgf@xa=\dimen194
\pgf@ya=\dimen195
\pgf@xb=\dimen196
\pgf@yb=\dimen197
\pgf@xc=\dimen198
\pgf@yc=\dimen199
\pgf@xd=\dimen256
\pgf@yd=\dimen257
\w@pgf@writea=\write4
\r@pgf@reada=\read4
\c@pgf@counta=\count430
\c@pgf@countb=\count431
\c@pgf@countc=\count432
\c@pgf@countd=\count433
\t@pgf@toka=\toks36
\t@pgf@tokb=\toks37
\t@pgf@tokc=\toks38
\pgf@sys@id@count=\count434
 (C:\Users\68\AppData\Local\Programs\MiKTeX\tex/generic/pgf/systemlayer\pgf.cfg
File: pgf.cfg 2023-01-15 v3.1.10 (3.1.10)
)
Driver file for pgf: pgfsys-pdftex.def
 (C:\Users\68\AppData\Local\Programs\MiKTeX\tex/generic/pgf/systemlayer\pgfsys-pdftex.def
File: pgfsys-pdftex.def 2023-01-15 v3.1.10 (3.1.10)
 (C:\Users\68\AppData\Local\Programs\MiKTeX\tex/generic/pgf/systemlayer\pgfsys-common-pdf.def
File: pgfsys-common-pdf.def 2023-01-15 v3.1.10 (3.1.10)
))) (C:\Users\68\AppData\Local\Programs\MiKTeX\tex/generic/pgf/systemlayer\pgfsyssoftpath.code.tex
File: pgfsyssoftpath.code.tex 2023-01-15 v3.1.10 (3.1.10)
\pgfsyssoftpath@smallbuffer@items=\count435
\pgfsyssoftpath@bigbuffer@items=\count436
) (C:\Users\68\AppData\Local\Programs\MiKTeX\tex/generic/pgf/systemlayer\pgfsysprotocol.code.tex
File: pgfsysprotocol.code.tex 2023-01-15 v3.1.10 (3.1.10)
)) (C:\Users\68\AppData\Local\Programs\MiKTeX\tex/generic/pgf/basiclayer\pgfcore.code.tex
Package: pgfcore 2023-01-15 v3.1.10 (3.1.10)
 (C:\Users\68\AppData\Local\Programs\MiKTeX\tex/generic/pgf/math\pgfmath.code.tex (C:\Users\68\AppData\Local\Programs\MiKTeX\tex/generic/pgf/math\pgfmathutil.code.tex) (C:\Users\68\AppData\Local\Programs\MiKTeX\tex/generic/pgf/math\pgfmathparser.code.tex
\pgfmath@dimen=\dimen258
\pgfmath@count=\count437
\pgfmath@box=\box66
\pgfmath@toks=\toks39
\pgfmath@stack@operand=\toks40
\pgfmath@stack@operation=\toks41
) (C:\Users\68\AppData\Local\Programs\MiKTeX\tex/generic/pgf/math\pgfmathfunctions.code.tex) (C:\Users\68\AppData\Local\Programs\MiKTeX\tex/generic/pgf/math\pgfmathfunctions.basic.code.tex) (C:\Users\68\AppData\Local\Programs\MiKTeX\tex/generic/pgf/math\pgfmathfunctions.trigonometric.code.tex) (C:\Users\68\AppData\Local\Programs\MiKTeX\tex/generic/pgf/math\pgfmathfunctions.random.code.tex) (C:\Users\68\AppData\Local\Programs\MiKTeX\tex/generic/pgf/math\pgfmathfunctions.comparison.code.tex) (C:\Users\68\AppData\Local\Programs\MiKTeX\tex/generic/pgf/math\pgfmathfunctions.base.code.tex) (C:\Users\68\AppData\Local\Programs\MiKTeX\tex/generic/pgf/math\pgfmathfunctions.round.code.tex) (C:\Users\68\AppData\Local\Programs\MiKTeX\tex/generic/pgf/math\pgfmathfunctions.misc.code.tex) (C:\Users\68\AppData\Local\Programs\MiKTeX\tex/generic/pgf/math\pgfmathfunctions.integerarithmetics.code.tex) (C:\Users\68\AppData\Local\Programs\MiKTeX\tex/generic/pgf/math\pgfmathcalc.code.tex) (C:\Users\68\AppData\Local\Programs\MiKTeX\tex/generic/pgf/math\pgfmathfloat.code.tex
\c@pgfmathroundto@lastzeros=\count438
)) (C:\Users\68\AppData\Local\Programs\MiKTeX\tex/generic/pgf/math\pgfint.code.tex) (C:\Users\68\AppData\Local\Programs\MiKTeX\tex/generic/pgf/basiclayer\pgfcorepoints.code.tex
File: pgfcorepoints.code.tex 2023-01-15 v3.1.10 (3.1.10)
\pgf@picminx=\dimen259
\pgf@picmaxx=\dimen260
\pgf@picminy=\dimen261
\pgf@picmaxy=\dimen262
\pgf@pathminx=\dimen263
\pgf@pathmaxx=\dimen264
\pgf@pathminy=\dimen265
\pgf@pathmaxy=\dimen266
\pgf@xx=\dimen267
\pgf@xy=\dimen268
\pgf@yx=\dimen269
\pgf@yy=\dimen270
\pgf@zx=\dimen271
\pgf@zy=\dimen272
) (C:\Users\68\AppData\Local\Programs\MiKTeX\tex/generic/pgf/basiclayer\pgfcorepathconstruct.code.tex
File: pgfcorepathconstruct.code.tex 2023-01-15 v3.1.10 (3.1.10)
\pgf@path@lastx=\dimen273
\pgf@path@lasty=\dimen274
) (C:\Users\68\AppData\Local\Programs\MiKTeX\tex/generic/pgf/basiclayer\pgfcorepathusage.code.tex
File: pgfcorepathusage.code.tex 2023-01-15 v3.1.10 (3.1.10)
\pgf@shorten@end@additional=\dimen275
\pgf@shorten@start@additional=\dimen276
) (C:\Users\68\AppData\Local\Programs\MiKTeX\tex/generic/pgf/basiclayer\pgfcorescopes.code.tex
File: pgfcorescopes.code.tex 2023-01-15 v3.1.10 (3.1.10)
\pgfpic=\box67
\pgf@hbox=\box68
\pgf@layerbox@main=\box69
\pgf@picture@serial@count=\count439
) (C:\Users\68\AppData\Local\Programs\MiKTeX\tex/generic/pgf/basiclayer\pgfcoregraphicstate.code.tex
File: pgfcoregraphicstate.code.tex 2023-01-15 v3.1.10 (3.1.10)
\pgflinewidth=\dimen277
) (C:\Users\68\AppData\Local\Programs\MiKTeX\tex/generic/pgf/basiclayer\pgfcoretransformations.code.tex
File: pgfcoretransformations.code.tex 2023-01-15 v3.1.10 (3.1.10)
\pgf@pt@x=\dimen278
\pgf@pt@y=\dimen279
\pgf@pt@temp=\dimen280
) (C:\Users\68\AppData\Local\Programs\MiKTeX\tex/generic/pgf/basiclayer\pgfcorequick.code.tex
File: pgfcorequick.code.tex 2023-01-15 v3.1.10 (3.1.10)
) (C:\Users\68\AppData\Local\Programs\MiKTeX\tex/generic/pgf/basiclayer\pgfcoreobjects.code.tex
File: pgfcoreobjects.code.tex 2023-01-15 v3.1.10 (3.1.10)
) (C:\Users\68\AppData\Local\Programs\MiKTeX\tex/generic/pgf/basiclayer\pgfcorepathprocessing.code.tex
File: pgfcorepathprocessing.code.tex 2023-01-15 v3.1.10 (3.1.10)
) (C:\Users\68\AppData\Local\Programs\MiKTeX\tex/generic/pgf/basiclayer\pgfcorearrows.code.tex
File: pgfcorearrows.code.tex 2023-01-15 v3.1.10 (3.1.10)
\pgfarrowsep=\dimen281
) (C:\Users\68\AppData\Local\Programs\MiKTeX\tex/generic/pgf/basiclayer\pgfcoreshade.code.tex
File: pgfcoreshade.code.tex 2023-01-15 v3.1.10 (3.1.10)
\pgf@max=\dimen282
\pgf@sys@shading@range@num=\count440
\pgf@shadingcount=\count441
) (C:\Users\68\AppData\Local\Programs\MiKTeX\tex/generic/pgf/basiclayer\pgfcoreimage.code.tex
File: pgfcoreimage.code.tex 2023-01-15 v3.1.10 (3.1.10)
) (C:\Users\68\AppData\Local\Programs\MiKTeX\tex/generic/pgf/basiclayer\pgfcoreexternal.code.tex
File: pgfcoreexternal.code.tex 2023-01-15 v3.1.10 (3.1.10)
\pgfexternal@startupbox=\box70
) (C:\Users\68\AppData\Local\Programs\MiKTeX\tex/generic/pgf/basiclayer\pgfcorelayers.code.tex
File: pgfcorelayers.code.tex 2023-01-15 v3.1.10 (3.1.10)
) (C:\Users\68\AppData\Local\Programs\MiKTeX\tex/generic/pgf/basiclayer\pgfcoretransparency.code.tex
File: pgfcoretransparency.code.tex 2023-01-15 v3.1.10 (3.1.10)
) (C:\Users\68\AppData\Local\Programs\MiKTeX\tex/generic/pgf/basiclayer\pgfcorepatterns.code.tex
File: pgfcorepatterns.code.tex 2023-01-15 v3.1.10 (3.1.10)
) (C:\Users\68\AppData\Local\Programs\MiKTeX\tex/generic/pgf/basiclayer\pgfcorerdf.code.tex
File: pgfcorerdf.code.tex 2023-01-15 v3.1.10 (3.1.10)
))) (C:\Users\68\AppData\Local\Programs\MiKTeX\tex/generic/pgf/modules\pgfmoduleshapes.code.tex
File: pgfmoduleshapes.code.tex 2023-01-15 v3.1.10 (3.1.10)
\pgfnodeparttextbox=\box71
) (C:\Users\68\AppData\Local\Programs\MiKTeX\tex/generic/pgf/modules\pgfmoduleplot.code.tex
File: pgfmoduleplot.code.tex 2023-01-15 v3.1.10 (3.1.10)
) (C:\Users\68\AppData\Local\Programs\MiKTeX\tex/latex/pgf/compatibility\pgfcomp-version-0-65.sty
Package: pgfcomp-version-0-65 2023-01-15 v3.1.10 (3.1.10)
\pgf@nodesepstart=\dimen283
\pgf@nodesepend=\dimen284
) (C:\Users\68\AppData\Local\Programs\MiKTeX\tex/latex/pgf/compatibility\pgfcomp-version-1-18.sty
Package: pgfcomp-version-1-18 2023-01-15 v3.1.10 (3.1.10)
)) (C:\Users\68\AppData\Local\Programs\MiKTeX\tex/latex/pgf/utilities\pgffor.sty (C:\Users\68\AppData\Local\Programs\MiKTeX\tex/latex/pgf/utilities\pgfkeys.sty (C:\Users\68\AppData\Local\Programs\MiKTeX\tex/generic/pgf/utilities\pgfkeys.code.tex)) (C:\Users\68\AppData\Local\Programs\MiKTeX\tex/latex/pgf/math\pgfmath.sty (C:\Users\68\AppData\Local\Programs\MiKTeX\tex/generic/pgf/math\pgfmath.code.tex)) (C:\Users\68\AppData\Local\Programs\MiKTeX\tex/generic/pgf/utilities\pgffor.code.tex
Package: pgffor 2023-01-15 v3.1.10 (3.1.10)
\pgffor@iter=\dimen285
\pgffor@skip=\dimen286
\pgffor@stack=\toks42
\pgffor@toks=\toks43
)) (C:\Users\68\AppData\Local\Programs\MiKTeX\tex/generic/pgf/frontendlayer/tikz\tikz.code.tex
Package: tikz 2023-01-15 v3.1.10 (3.1.10)
 (C:\Users\68\AppData\Local\Programs\MiKTeX\tex/generic/pgf/libraries\pgflibraryplothandlers.code.tex
File: pgflibraryplothandlers.code.tex 2023-01-15 v3.1.10 (3.1.10)
\pgf@plot@mark@count=\count442
\pgfplotmarksize=\dimen287
)
\tikz@lastx=\dimen288
\tikz@lasty=\dimen289
\tikz@lastxsaved=\dimen290
\tikz@lastysaved=\dimen291
\tikz@lastmovetox=\dimen292
\tikz@lastmovetoy=\dimen293
\tikzleveldistance=\dimen294
\tikzsiblingdistance=\dimen295
\tikz@figbox=\box72
\tikz@figbox@bg=\box73
\tikz@tempbox=\box74
\tikz@tempbox@bg=\box75
\tikztreelevel=\count443
\tikznumberofchildren=\count444
\tikznumberofcurrentchild=\count445
\tikz@fig@count=\count446
 (C:\Users\68\AppData\Local\Programs\MiKTeX\tex/generic/pgf/modules\pgfmodulematrix.code.tex
File: pgfmodulematrix.code.tex 2023-01-15 v3.1.10 (3.1.10)
\pgfmatrixcurrentrow=\count447
\pgfmatrixcurrentcolumn=\count448
\pgf@matrix@numberofcolumns=\count449
)
\tikz@expandcount=\count450
 (C:\Users\68\AppData\Local\Programs\MiKTeX\tex/generic/pgf/frontendlayer/tikz/libraries\tikzlibrarytopaths.code.tex
File: tikzlibrarytopaths.code.tex 2023-01-15 v3.1.10 (3.1.10)
))) (C:\Users\68\AppData\Local\Programs\MiKTeX\tex/generic/pgf/frontendlayer/tikz/libraries\tikzlibraryshapes.code.tex
File: tikzlibraryshapes.code.tex 2023-01-15 v3.1.10 (3.1.10)
 (C:\Users\68\AppData\Local\Programs\MiKTeX\tex/generic/pgf/frontendlayer/tikz/libraries\tikzlibraryshapes.geometric.code.tex
File: tikzlibraryshapes.geometric.code.tex 2023-01-15 v3.1.10 (3.1.10)
 (C:\Users\68\AppData\Local\Programs\MiKTeX\tex/generic/pgf/libraries/shapes\pgflibraryshapes.geometric.code.tex
File: pgflibraryshapes.geometric.code.tex 2023-01-15 v3.1.10 (3.1.10)
)) (C:\Users\68\AppData\Local\Programs\MiKTeX\tex/generic/pgf/frontendlayer/tikz/libraries\tikzlibraryshapes.misc.code.tex
File: tikzlibraryshapes.misc.code.tex 2023-01-15 v3.1.10 (3.1.10)
 (C:\Users\68\AppData\Local\Programs\MiKTeX\tex/generic/pgf/libraries/shapes\pgflibraryshapes.misc.code.tex
File: pgflibraryshapes.misc.code.tex 2023-01-15 v3.1.10 (3.1.10)
)) (C:\Users\68\AppData\Local\Programs\MiKTeX\tex/generic/pgf/frontendlayer/tikz/libraries\tikzlibraryshapes.symbols.code.tex
File: tikzlibraryshapes.symbols.code.tex 2023-01-15 v3.1.10 (3.1.10)
 (C:\Users\68\AppData\Local\Programs\MiKTeX\tex/generic/pgf/libraries/shapes\pgflibraryshapes.symbols.code.tex
File: pgflibraryshapes.symbols.code.tex 2023-01-15 v3.1.10 (3.1.10)
)) (C:\Users\68\AppData\Local\Programs\MiKTeX\tex/generic/pgf/frontendlayer/tikz/libraries\tikzlibraryshapes.arrows.code.tex
File: tikzlibraryshapes.arrows.code.tex 2023-01-15 v3.1.10 (3.1.10)
 (C:\Users\68\AppData\Local\Programs\MiKTeX\tex/generic/pgf/libraries/shapes\pgflibraryshapes.arrows.code.tex
File: pgflibraryshapes.arrows.code.tex 2023-01-15 v3.1.10 (3.1.10)
)) (C:\Users\68\AppData\Local\Programs\MiKTeX\tex/generic/pgf/frontendlayer/tikz/libraries\tikzlibraryshapes.callouts.code.tex (C:\Users\68\AppData\Local\Programs\MiKTeX\tex/generic/pgf/libraries/shapes\pgflibraryshapes.callouts.code.tex)) (C:\Users\68\AppData\Local\Programs\MiKTeX\tex/generic/pgf/frontendlayer/tikz/libraries\tikzlibraryshapes.multipart.code.tex
File: tikzlibraryshapes.multipart.code.tex 2023-01-15 v3.1.10 (3.1.10)
 (C:\Users\68\AppData\Local\Programs\MiKTeX\tex/generic/pgf/libraries/shapes\pgflibraryshapes.multipart.code.tex
File: pgflibraryshapes.multipart.code.tex 2023-01-15 v3.1.10 (3.1.10)
\pgfnodepartlowerbox=\box76
\pgfnodeparttwobox=\box77
\pgfnodepartthreebox=\box78
\pgfnodepartfourbox=\box79
\pgfnodeparttwentybox=\box80
\pgfnodepartnineteenbox=\box81
\pgfnodeparteighteenbox=\box82
\pgfnodepartseventeenbox=\box83
\pgfnodepartsixteenbox=\box84
\pgfnodepartfifteenbox=\box85
\pgfnodepartfourteenbox=\box86
\pgfnodepartthirteenbox=\box87
\pgfnodeparttwelvebox=\box88
\pgfnodepartelevenbox=\box89
\pgfnodeparttenbox=\box90
\pgfnodepartninebox=\box91
\pgfnodeparteightbox=\box92
\pgfnodepartsevenbox=\box93
\pgfnodepartsixbox=\box94
\pgfnodepartfivebox=\box95
))) (C:\Users\68\AppData\Local\Programs\MiKTeX\tex/generic/pgf/frontendlayer/tikz/libraries\tikzlibraryarrows.code.tex
File: tikzlibraryarrows.code.tex 2023-01-15 v3.1.10 (3.1.10)
 (C:\Users\68\AppData\Local\Programs\MiKTeX\tex/generic/pgf/libraries\pgflibraryarrows.code.tex
File: pgflibraryarrows.code.tex 2023-01-15 v3.1.10 (3.1.10)
\arrowsize=\dimen296
)) (C:\Users\68\AppData\Local\Programs\MiKTeX\tex/generic/pgf/frontendlayer/tikz/libraries\tikzlibrarypositioning.code.tex
File: tikzlibrarypositioning.code.tex 2023-01-15 v3.1.10 (3.1.10)
) (C:\Users\68\AppData\Local\Programs\MiKTeX\tex/generic/pgf/frontendlayer/tikz/libraries\tikzlibraryfit.code.tex
File: tikzlibraryfit.code.tex 2023-01-15 v3.1.10 (3.1.10)
) (C:\Users\68\AppData\Local\Programs\MiKTeX\tex/generic/pgf/frontendlayer/tikz/libraries\tikzlibrarycalc.code.tex
File: tikzlibrarycalc.code.tex 2023-01-15 v3.1.10 (3.1.10)
) (C:\Users\68\AppData\Local\Programs\MiKTeX\tex/generic/pgf/frontendlayer/tikz/libraries\tikzlibraryshadows.code.tex
File: tikzlibraryshadows.code.tex 2023-01-15 v3.1.10 (3.1.10)
 (C:\Users\68\AppData\Local\Programs\MiKTeX\tex/generic/pgf/frontendlayer/tikz/libraries\tikzlibraryfadings.code.tex
File: tikzlibraryfadings.code.tex 2023-01-15 v3.1.10 (3.1.10)
 (C:\Users\68\AppData\Local\Programs\MiKTeX\tex/generic/pgf/libraries\pgflibraryfadings.code.tex
File: pgflibraryfadings.code.tex 2023-01-15 v3.1.10 (3.1.10)
))) (C:\Users\68\AppData\Local\Programs\MiKTeX\tex/latex/hyperref\hyperref.sty
Package: hyperref 2023-11-26 v7.01g Hypertext links for LaTeX

(C:\Users\68\AppData\Local\Programs\MiKTeX\tex/generic/kvdefinekeys\kvdefinekeys.sty
Package: kvdefinekeys 2019-12-19 v1.6 Define keys (HO)
) (C:\Users\68\AppData\Local\Programs\MiKTeX\tex/generic/pdfescape\pdfescape.sty
Package: pdfescape 2019/12/09 v1.15 Implements pdfTeX's escape features (HO)
) (C:\Users\68\AppData\Local\Programs\MiKTeX\tex/latex/hycolor\hycolor.sty
Package: hycolor 2020-01-27 v1.10 Color options for hyperref/bookmark (HO)
) (C:\Users\68\AppData\Local\Programs\MiKTeX\tex/latex/letltxmacro\letltxmacro.sty
Package: letltxmacro 2019/12/03 v1.6 Let assignment for LaTeX macros (HO)
) (C:\Users\68\AppData\Local\Programs\MiKTeX\tex/latex/auxhook\auxhook.sty
Package: auxhook 2019-12-17 v1.6 Hooks for auxiliary files (HO)
) (C:\Users\68\AppData\Local\Programs\MiKTeX\tex/latex/hyperref\nameref.sty
Package: nameref 2023-11-26 v2.56 Cross-referencing by name of section
 (C:\Users\68\AppData\Local\Programs\MiKTeX\tex/latex/refcount\refcount.sty
Package: refcount 2019/12/15 v3.6 Data extraction from label references (HO)
) (C:\Users\68\AppData\Local\Programs\MiKTeX\tex/generic/gettitlestring\gettitlestring.sty
Package: gettitlestring 2019/12/15 v1.6 Cleanup title references (HO)
)
\c@section@level=\count451
)
\@linkdim=\dimen297
\Hy@linkcounter=\count452
\Hy@pagecounter=\count453
 (C:\Users\68\AppData\Local\Programs\MiKTeX\tex/latex/hyperref\pd1enc.def
File: pd1enc.def 2023-11-26 v7.01g Hyperref: PDFDocEncoding definition (HO)
Now handling font encoding PD1 ...
... no UTF-8 mapping file for font encoding PD1
) (C:\Users\68\AppData\Local\Programs\MiKTeX\tex/generic/intcalc\intcalc.sty
Package: intcalc 2019/12/15 v1.3 Expandable calculations with integers (HO)
)
\Hy@SavedSpaceFactor=\count454
 (C:\Users\68\AppData\Local\Programs\MiKTeX\tex/latex/hyperref\puenc.def
File: puenc.def 2023-11-26 v7.01g Hyperref: PDF Unicode definition (HO)
Now handling font encoding PU ...
... no UTF-8 mapping file for font encoding PU
)
Package hyperref Info: Option `colorlinks' set `true' on input line 4064.
Package hyperref Info: Hyper figures OFF on input line 4181.
Package hyperref Info: Link nesting OFF on input line 4186.
Package hyperref Info: Hyper index ON on input line 4189.
Package hyperref Info: Plain pages OFF on input line 4196.
Package hyperref Info: Backreferencing OFF on input line 4201.
Package hyperref Info: Implicit mode ON; LaTeX internals redefined.
Package hyperref Info: Bookmarks ON on input line 4448.
\c@Hy@tempcnt=\count455
LaTeX Info: Redefining \url on input line 4786.
\XeTeXLinkMargin=\dimen298
 (C:\Users\68\AppData\Local\Programs\MiKTeX\tex/generic/bitset\bitset.sty
Package: bitset 2019/12/09 v1.3 Handle bit-vector datatype (HO)
 (C:\Users\68\AppData\Local\Programs\MiKTeX\tex/generic/bigintcalc\bigintcalc.sty
Package: bigintcalc 2019/12/15 v1.5 Expandable calculations on big integers (HO)
))
\Fld@menulength=\count456
\Field@Width=\dimen299
\Fld@charsize=\dimen300
Package hyperref Info: Hyper figures OFF on input line 6065.
Package hyperref Info: Link nesting OFF on input line 6070.
Package hyperref Info: Hyper index ON on input line 6073.
Package hyperref Info: backreferencing OFF on input line 6080.
Package hyperref Info: Link coloring ON on input line 6083.
Package hyperref Info: Link coloring with OCG OFF on input line 6090.
Package hyperref Info: PDF/A mode OFF on input line 6095.
 (C:\Users\68\AppData\Local\Programs\MiKTeX\tex/latex/base\atbegshi-ltx.sty
Package: atbegshi-ltx 2021/01/10 v1.0c Emulation of the original atbegshi
package with kernel methods
)
\Hy@abspage=\count457
\c@Item=\count458
\c@Hfootnote=\count459
)
Package hyperref Info: Driver (autodetected): hpdftex.
 (C:\Users\68\AppData\Local\Programs\MiKTeX\tex/latex/hyperref\hpdftex.def
File: hpdftex.def 2023-11-26 v7.01g Hyperref driver for pdfTeX
 (C:\Users\68\AppData\Local\Programs\MiKTeX\tex/latex/base\atveryend-ltx.sty
Package: atveryend-ltx 2020/08/19 v1.0a Emulation of the original atveryend package
with kernel methods
)
\Fld@listcount=\count460
\c@bookmark@seq@number=\count461
 (C:\Users\68\AppData\Local\Programs\MiKTeX\tex/latex/rerunfilecheck\rerunfilecheck.sty
Package: rerunfilecheck 2025-06-21 v1.11 Rerun checks for auxiliary files (HO)
 (C:\Users\68\AppData\Local\Programs\MiKTeX\tex/generic/uniquecounter\uniquecounter.sty
Package: uniquecounter 2019/12/15 v1.4 Provide unlimited unique counter (HO)
)
Package uniquecounter Info: New unique counter `rerunfilecheck' on input line 284.
)
\Hy@SectionHShift=\skip84
) (C:\Users\68\AppData\Local\Programs\MiKTeX\tex/latex/tocloft\tocloft.sty
Package: tocloft 2017/08/31 v2.3i parameterised ToC, etc., typesetting
Package tocloft Info: The document has section divisions on input line 51.
\cftparskip=\skip85
\cftbeforetoctitleskip=\skip86
\cftaftertoctitleskip=\skip87
\cftbeforepartskip=\skip88
\cftpartnumwidth=\skip89
\cftpartindent=\skip90
\cftbeforesecskip=\skip91
\cftsecindent=\skip92
\cftsecnumwidth=\skip93
\cftbeforesubsecskip=\skip94
\cftsubsecindent=\skip95
\cftsubsecnumwidth=\skip96
\cftbeforesubsubsecskip=\skip97
\cftsubsubsecindent=\skip98
\cftsubsubsecnumwidth=\skip99
\cftbeforeparaskip=\skip100
\cftparaindent=\skip101
\cftparanumwidth=\skip102
\cftbeforesubparaskip=\skip103
\cftsubparaindent=\skip104
\cftsubparanumwidth=\skip105
\cftbeforeloftitleskip=\skip106
\cftafterloftitleskip=\skip107
\cftbeforefigskip=\skip108
\cftfigindent=\skip109
\cftfignumwidth=\skip110
\c@lofdepth=\count462
\c@lotdepth=\count463
\cftbeforelottitleskip=\skip111
\cftafterlottitleskip=\skip112
\cftbeforetabskip=\skip113
\cfttabindent=\skip114
\cfttabnumwidth=\skip115
) (C:\Users\68\AppData\Local\Programs\MiKTeX\tex/latex/fancyhdr\fancyhdr.sty
Package: fancyhdr 2025/02/07 v5.2 Extensive control of page headers and footers
\f@nch@headwidth=\skip116
\f@nch@offset@elh=\skip117
\f@nch@offset@erh=\skip118
\f@nch@offset@olh=\skip119
\f@nch@offset@orh=\skip120
\f@nch@offset@elf=\skip121
\f@nch@offset@erf=\skip122
\f@nch@offset@olf=\skip123
\f@nch@offset@orf=\skip124
\f@nch@height=\skip125
\f@nch@footalignment=\skip126
\f@nch@widthL=\skip127
\f@nch@widthC=\skip128
\f@nch@widthR=\skip129
\@temptokenb=\toks44
) (C:\Users\68\AppData\Local\Programs\MiKTeX\tex/latex/tools\verbatim.sty
Package: verbatim 2023-11-06 v1.5v LaTeX2e package for verbatim enhancements
\every@verbatim=\toks45
\verbatim@line=\toks46
\verbatim@in@stream=\read5
)

Package biblatex Warning: 'babel/polyglossia' detected but 'csquotes' missing.
(biblatex)                Loading 'csquotes' recommended.

\@quotelevel=\count464
\@quotereset=\count465
(c:\Users\68\Desktop\movieApp\diplom-main\%OUTDIR%\main.aux)
\openout1 = `main.aux'.

LaTeX Font Info:    Checking defaults for OML/cmm/m/it on input line 144.
LaTeX Font Info:    ... okay on input line 144.
LaTeX Font Info:    Checking defaults for OMS/cmsy/m/n on input line 144.
LaTeX Font Info:    ... okay on input line 144.
LaTeX Font Info:    Checking defaults for OT1/cmr/m/n on input line 144.
LaTeX Font Info:    ... okay on input line 144.
LaTeX Font Info:    Checking defaults for T1/cmr/m/n on input line 144.
LaTeX Font Info:    ... okay on input line 144.
LaTeX Font Info:    Checking defaults for TS1/cmr/m/n on input line 144.
LaTeX Font Info:    ... okay on input line 144.
LaTeX Font Info:    Checking defaults for OMX/cmex/m/n on input line 144.
LaTeX Font Info:    ... okay on input line 144.
LaTeX Font Info:    Checking defaults for U/cmr/m/n on input line 144.
LaTeX Font Info:    ... okay on input line 144.
LaTeX Font Info:    Checking defaults for T2A/cmr/m/n on input line 144.
LaTeX Font Info:    ... okay on input line 144.
LaTeX Font Info:    Checking defaults for PD1/pdf/m/n on input line 144.
LaTeX Font Info:    ... okay on input line 144.
LaTeX Font Info:    Checking defaults for PU/pdf/m/n on input line 144.
LaTeX Font Info:    ... okay on input line 144.

*geometry* driver: auto-detecting
*geometry* detected driver: pdftex
*geometry* verbose mode - [ preamble ] result:
* driver: pdftex
* paper: a4paper
* layout: <same size as paper>
* layoutoffset:(h,v)=(0.0pt,0.0pt)
* modes: 
* h-part:(L,W,R)=(56.9055pt, 483.69687pt, 56.9055pt)
* v-part:(T,H,B)=(56.9055pt, 731.23584pt, 56.9055pt)
* \paperwidth=597.50787pt
* \paperheight=845.04684pt
* \textwidth=483.69687pt
* \textheight=731.23584pt
* \oddsidemargin=-15.36449pt
* \evensidemargin=-15.36449pt
* \topmargin=-52.36449pt
* \headheight=12.0pt
* \headsep=25.0pt
* \topskip=12.0pt
* \footskip=30.0pt
* \marginparwidth=35.0pt
* \marginparsep=10.0pt
* \columnsep=10.0pt
* \skip\footins=10.8pt plus 4.0pt minus 2.0pt
* \hoffset=0.0pt
* \voffset=0.0pt
* \mag=1000
* \@twocolumnfalse
* \@twosidefalse
* \@mparswitchfalse
* \@reversemarginfalse
* (1in=72.27pt=25.4mm, 1cm=28.453pt)

Package biblatex Info: Trying to load language 'english'...
Package biblatex Info: ... file 'english.lbx' found.
(C:\Users\68\AppData\Local\Programs\MiKTeX\tex/latex/biblatex/lbx\english.lbx
File: english.lbx 2023/03/05 v3.19 biblatex localization (PK/MW)
)
Package biblatex Info: Trying to load language 'mongolian'...
Package biblatex Info: ... file 'mongolian.lbx' not found.


Package biblatex Warning: Language 'mongolian' not supported.
(biblatex)                Using dummy definitions on input line 144.

Package biblatex Info: Input encoding 'utf8' detected.
Package biblatex Info: Automatic encoding selection.
(biblatex)             Assuming data encoding 'utf8'.
\openout3 = `main.bcf'.

Package biblatex Info: Trying to load bibliographic data...
Package biblatex Info: ... file 'main.bbl' found.
(c:\Users\68\Desktop\movieApp\diplom-main\%OUTDIR%\main.bbl)
Package biblatex Info: Reference section=0 on input line 144.
Package biblatex Info: Reference segment=0 on input line 144.
 (C:\Users\68\AppData\Local\Programs\MiKTeX\tex/context/base/mkii\supp-pdf.mkii
[Loading MPS to PDF converter (version 2006.09.02).]
\scratchcounter=\count466
\scratchdimen=\dimen301
\scratchbox=\box96
\nofMPsegments=\count467
\nofMParguments=\count468
\everyMPshowfont=\toks47
\MPscratchCnt=\count469
\MPscratchDim=\dimen302
\MPnumerator=\count470
\makeMPintoPDFobject=\count471
\everyMPtoPDFconversion=\toks48
) (C:\Users\68\AppData\Local\Programs\MiKTeX\tex/latex/epstopdf-pkg\epstopdf-base.sty
Package: epstopdf-base 2020-01-24 v2.11 Base part for package epstopdf
Package epstopdf-base Info: Redefining graphics rule for `.eps' on input line 485.
 (C:\Users\68\AppData\Local\Programs\MiKTeX\tex/latex/00miktex\epstopdf-sys.cfg
File: epstopdf-sys.cfg 2021/03/18 v2.0 Configuration of epstopdf for MiKTeX
))
Package caption Info: Begin \AtBeginDocument code.
Package caption Info: float package is loaded.
Package caption Info: hyperref package is loaded.
Package caption Info: listings package is loaded.
Package caption Info: longtable package is loaded.
 (C:\Users\68\AppData\Local\Programs\MiKTeX\tex/latex/caption\ltcaption.sty
Package: ltcaption 2021/01/08 v1.4c longtable captions (AR)
)
Package caption Info: End \AtBeginDocument code.
\c@lstlisting=\count472
Package hyperref Info: Link coloring ON on input line 144.
\@outlinefile=\write5
\openout5 = `main.out'.

\openout2 = `FrontBackMatter/TittlePage.aux'.

 (FrontBackMatter/TittlePage.tex
<Figures/logo.png, id=30, 214.8025pt x 236.885pt>
File: Figures/logo.png Graphic file (type png)
<use Figures/logo.png>
Package pdftex.def Info: Figures/logo.png  used on input line 8.
(pdftex.def)             Requested size: 72.55157pt x 80.00848pt.

Underfull \hbox (badness 10000) in paragraph at lines 8--9

 []

LaTeX Font Info:    Trying to load font information for U+msa on input line 9.
(C:\Users\68\AppData\Local\Programs\MiKTeX\tex/latex/amsfonts\umsa.fd
File: umsa.fd 2013/01/14 v3.01 AMS symbols A
)
LaTeX Font Info:    Trying to load font information for U+msb on input line 9.
 (C:\Users\68\AppData\Local\Programs\MiKTeX\tex/latex/amsfonts\umsb.fd
File: umsb.fd 2013/01/14 v3.01 AMS symbols B
)
Overfull \hbox (11.10512pt too wide) in paragraph at lines 31--33
[] 
 []


Underfull \hbox (badness 10000) in paragraph at lines 36--38

 []

[1


{C:/Users/68/AppData/Local/MiKTeX/fonts/map/pdftex/pdftex.map} <./Figures/logo.png>]
pdfTeX warning (ext4): destination with the same identifier (name{page.i}) has been already used, duplicate ignored
<to be read again> 
                   \relax 
l.73 \end{titlepage}
                     [1])
\openout2 = `FrontBackMatter/Abstract.aux'.

 (FrontBackMatter/Abstract.tex)
pdfTeX warning (ext4): destination with the same identifier (name{page.i}) has been already used, duplicate ignored
<to be read again> 
                   \relax 
l.153 \include{FrontBackMatter/Abstract}
                                         [1



]
\openout2 = `FrontBackMatter/Abberaviation.aux'.

 (FrontBackMatter/Abberaviation.tex) [2



]
\openout2 = `FrontBackMatter/TableOfContent.aux'.

 (FrontBackMatter/TableOfContent.tex
No file main.toc.
\tf@toc=\write6
\openout6 = `main.toc'.

) [3



]
\openout2 = `Chapters/Chapter1.aux'.

 (Chapters/Chapter1.tex

LaTeX Warning: Citation 'poppe1974mongolian' on page 1 undefined on input line 11.


LaTeX Warning: Citation 'janhunen2003mongolic' on page 1 undefined on input line 11.


Overfull \hbox (10.46144pt too wide) in paragraph at lines 11--12
\T2A/cmr/m/n/12 энэхіі бичгийн систем нь олон зууны турш Монголчуудын сојл, шашин, гін ухаан, шинжлэх
 []


Overfull \hbox (19.01492pt too wide) in paragraph at lines 11--12
\T2A/cmr/m/n/12 бичгийн °д°р тутмын хэрэглээ эрс хумигдаж, орчин іеийн нийгэмд, ялангуяа залуу іеийнхний
 []


Overfull \hbox (58.9343pt too wide) in paragraph at lines 11--12
\T2A/cmr/m/n/12 дунд уламжлалт бичгээ эзэмшсэн иргэдийн тоо тасралтгій буурсаар байна [[]]. 
 []


LaTeX Warning: Citation 'mongolia2020' on page 1 undefined on input line 14.


Overfull \hbox (24.95378pt too wide) in paragraph at lines 14--15
\T2A/cmr/m/n/12 байдлаар орчин іеийн мэдээллийн технологид тулгуурласан, бие даан суралцахад зориулагдсан
 []


Overfull \hbox (0.80684pt too wide) in paragraph at lines 14--15
\T2A/cmr/m/n/12 торнисон залуу іеийнхний анхаарлыг татах, тэдний суралцах сэдлийг т°ріілэхэд т°дийл°н
 []


LaTeX Warning: Citation 'godwin2016mobile' on page 1 undefined on input line 17.


LaTeX Warning: Citation 'nakata2011computer' on page 1 undefined on input line 17.


Overfull \hbox (32.78514pt too wide) in paragraph at lines 17--18
\T2A/cmr/m/n/12 цээжлэх, танин мэдэхійн чадварыг сайжруулахад шинжлэх ухааны хувьд °нд°р ач холбогдолтой
 []


Overfull \hbox (0.15424pt too wide) in paragraph at lines 17--18
\T2A/cmr/m/n/12 зориулагдсан орчин іеийн, цогц арга зій біхий аппликейшн одоогоор зах зээлд ігійлэгдэж
 []


Overfull \hbox (5.56813pt too wide) in paragraph at lines 20--21
 []\T2A/cmr/bx/n/12 Шийдвэрлэх шаардлагатай індсэн асуудлууд[] \T2A/cmr/m/n/12 Монгол бичгийг тігээн дэлгэріілэхэд
 []


Overfull \hbox (20.73117pt too wide) in paragraph at lines 24--25
[]\T2A/cmr/bx/n/12 Интерактив сургалтын орчны хомсдол: \T2A/cmr/m/n/12 Монгол бичгийг орчин іеийн суралцагчдын
 []


Overfull \hbox (14.09462pt too wide) in paragraph at lines 26--27
\T2A/cmr/m/n/12 танхимаар болон багшийн удирдлага дор явагдах шаардлагатай байдаг тул суралцагчид
 []


Overfull \hbox (13.77023pt too wide) in paragraph at lines 28--29
[]\T2A/cmr/bx/n/12 Суралцах сэдэл, мотивацийн дутагдал: \T2A/cmr/m/n/12 З°вх°н цээжлэх, хуулж бичихэд суурилсан
 []


Overfull \hbox (8.97148pt too wide) in paragraph at lines 28--29
\T2A/cmr/m/n/12 аргачлал нь суралцагчдын анхаарлыг урт хугацаанд тогтоон барих, суралцах идэвхийг
 []

[1




]
Overfull \hbox (3.80876pt too wide) in paragraph at lines 31--32
[]\T2A/cmr/m/n/12 Эдгээр тулгамдсан асуудлууд нь Монгол бичгийг эзэмших болон °д°р тутамдаа хэрэглэх
 []


Overfull \hbox (16.77866pt too wide) in paragraph at lines 35--36
 []\T2A/cmr/bx/n/12 Одоо байгаа системіідийн дутагдал[] \T2A/cmr/m/n/12 Дэлхий даяар хэл сурах аппликейшнууд (Duolingo,
 []


Overfull \hbox (7.71751pt too wide) in paragraph at lines 41--42
[]\T2A/cmr/bx/n/12 Хуучирсан UI: \T2A/cmr/m/n/12 Зарим системіід (Anki гэх мэт) хэрэглэхэд т°в°гтэй, залуу іеийнхэнд
 []

[2]
Overfull \hbox (4.46152pt too wide) in paragraph at lines 100--101
\T2A/cmr/m/n/12 Энэхіі т°гс°лтийн судалгааны ажлын індсэн зорилго нь ухаалаг т°х°°р°мжийн дэвшилтэт
 []


Overfull \hbox (35.3955pt too wide) in paragraph at lines 100--101
\T2A/cmr/m/n/12 хэмээх утгаар) хэмээх гар утасны аппликейшныг системийн тівшинд зохион бітээж, х°гжіілэхэд
 []


Overfull \hbox (38.23242pt too wide) in paragraph at lines 114--115
\T2A/cmr/m/n/12 Ер°нхий зорилгыг амжилттай хэрэгжіілэхийн тулд дараах іе шаттай нарийвчилсан зорилтуудыг
 []


Overfull \hbox (7.78896pt too wide) in paragraph at lines 122--123
[]\T2A/cmr/m/n/12 Системд ашиглагдах Re-act Na-tive, Fire-base, Ten-sor-Flow OCR зэрэг технологиудын
 []

[3]
Overfull \hbox (9.09428pt too wide) in paragraph at lines 135--136
[]\T2A/cmr/m/n/12 React Na-tive (Expo фреймворк) ашиглан iOS болон An-droid ійлдлийн системіідэд
 []


Overfull \hbox (10.41328pt too wide) in paragraph at lines 143--144
[]\T2A/cmr/m/n/12 Системийн найдвартай ажиллагааг хангах зорилгоор модулиудын ійл ажиллагааг
 []


Overfull \hbox (7.08073pt too wide) in paragraph at lines 145--146
[]\T2A/cmr/m/n/12 Хэрэглэгчийн сэтгэл ханамжийн судалгаа авч, системийн давуу тал болон цаашид
 []


Overfull \hbox (14.50774pt too wide) in paragraph at lines 156--157
[]\T2A/cmr/bx/n/12 Технологид суурилсан боловсролын тігээлт: \T2A/cmr/m/n/12 Зайтай давталтын алгоритм (Spaced
 []


Overfull \hbox (17.84285pt too wide) in paragraph at lines 156--157
\T2A/cmr/m/n/12 rep-e-ti-tion) болон бичил сургалтын (Mi-crolearn-ing) аргуудыг нэвтріілснээр суралцагчийн
 []


Overfull \hbox (13.29051pt too wide) in paragraph at lines 158--159
[]\T2A/cmr/bx/n/12 Хіртээмжтэй байдлыг хангах: \T2A/cmr/m/n/12 Газарзійн болон цаг хугацааны хязгаарлалтгійгээр,
 []


Overfull \hbox (5.7348pt too wide) in paragraph at lines 160--161
\T2A/cmr/m/n/12 жингийн машин сургалтын (Ten-sor-Flow.js) загварыг Монгол бичиг танихад ашигласан
 []


Overfull \hbox (11.6473pt too wide) in paragraph at lines 160--161
\T2A/cmr/m/n/12 нь хиймэл оюун ухааныг боловсролын салбарт нэвтріілэх амжилттай жишиг проектын
 []


Overfull \hbox (12.60121pt too wide) in paragraph at lines 167--168
[]\T2A/cmr/bx/n/12 “ндэсний °вийг дижитал хэлбэрээр °вліілэх: \T2A/cmr/m/n/12 Монгол індэстний інэлж баршгій
 []


Overfull \hbox (5.70834pt too wide) in paragraph at lines 167--168
\T2A/cmr/m/n/12 сојл, тііхийн °в болох босоо бичгийг орчин іеийн залууст хамгийн ойр хэрэглэгдэхіін
 []

[4]
Overfull \hbox (29.44151pt too wide) in paragraph at lines 171--172
[]\T2A/cmr/bx/n/12 Боловсролын салбарын цахим шилжилт: \T2A/cmr/m/n/12 Мэдээлэл, харилцаа холбооны технологийн
 []


Overfull \hbox (24.68713pt too wide) in paragraph at lines 182--183
[]\T2A/cmr/bx/n/12 Техникийн хірээ: \T2A/cmr/m/n/12 iOS болон An-droid ійлдлийн системтэй ухаалаг гар утас хэрэглэгчид. 
 []


Overfull \hbox (8.01628pt too wide) in paragraph at lines 189--190
[]\T2A/cmr/bx/n/12 Сілжээний хамаарал: \T2A/cmr/m/n/12 Систем нь з°вх°н интернет сілжээтэй орчинд бірэн ажиллах
 []


Overfull \hbox (10.05461pt too wide) in paragraph at lines 190--191
[]\T2A/cmr/bx/n/12 OCR-ийн нарийвчлал: \T2A/cmr/m/n/12 Ten-sor-Flow OCR систем нь одоогоор з°вх°н індсэн ісгіідийг
 []


Overfull \hbox (7.46346pt too wide) in paragraph at lines 198--199
\T2A/cmr/m/n/12 Энэхіі т°гс°лтийн судалгааны ажил нь удиртгал, 4 індсэн білэг, дігнэлт, ном зій, хавсралт
 []


Overfull \hbox (24.99123pt too wide) in paragraph at lines 201--202
[]\T2A/cmr/m/n/12 Судалгааны ажлын індэслэл, зорилго, зорилт, ач холбогдлыг тодорхойлно. 
 []


Overfull \hbox (21.23799pt too wide) in paragraph at lines 205--206
[]\T2A/cmr/m/n/12 Системийн шинжилгээ, зохиомж, архитектурын шийдлийг дэлгэрэнгій
 []

[5]) [6]
\openout2 = `Chapters/Chapter2.aux'.

 (Chapters/Chapter2.tex

LaTeX Warning: Citation 'poppe1974mongolian' on page 7 undefined on input line 15.


LaTeX Warning: Citation 'mongolia2020' on page 7 undefined on input line 15.


Overfull \hbox (61.91275pt too wide) in paragraph at lines 15--16
\T2A/cmr/m/n/12 шашин сојлын томоохон х°ш°° дурсгалуудыг ілдээсэн інэлж баршгій °в юм [[]].
 []


Overfull \hbox (18.15483pt too wide) in paragraph at lines 15--16
\T2A/cmr/m/n/12 хэрэгжиж эхлээд байна [[]]. Энэхіі тііхэн сојлын сэргэн мандалтыг дэмжихийн
 []


Overfull \hbox (6.67625pt too wide) in paragraph at lines 19--20
\T2A/cmr/m/n/12 Монгол бичиг нь босоо бичгийн систем б°г°°д дээрээс доош, зіінээс баруун тийш бичигддэг.
 []


LaTeX Warning: Citation 'karpicke2008critical' on page 7 undefined on input line 38.


Overfull \hbox (5.76468pt too wide) in paragraph at lines 38--39
\T2A/cmr/m/n/12 Гадаад хэл болон шинэ тэмдэгт ісэг эзэмших ійл явцад санах ойд мэдээллийг урт хугацаанд
 []


LaTeX Warning: Citation 'ebbinghaus1985memory' on page 7 undefined on input line 42.


Overfull \hbox (15.32571pt too wide) in paragraph at lines 42--43
\T2A/cmr/m/n/12 Spaced Rep-e-ti-tion арга нь мэдээллийг хэт ойрхон биш, харин тодорхой математик интервалаар
 []


Overfull \hbox (8.05095pt too wide) in paragraph at lines 42--43
\T2A/cmr/m/n/12 буюу забын муруйд тохируулан давтаж санах нь урт хугацааны санамжид хадгалах хамгийн
 []

[7



]

LaTeX Warning: Citation 'wozniak1990optimization' on page 8 undefined on input line 46.


Overfull \hbox (1.15672pt too wide) in paragraph at lines 46--47
 []\T2A/cmr/bx/n/12 SuperMemo алгоритм (SM-2)-ийн математик індэслэл:[] \T2A/cmr/m/n/12 Энэхіі онолын суурь дээр
 []


Overfull \hbox (99.0968pt too wide) in paragraph at lines 46--47
\T2A/cmr/m/n/12 flash-card платформууд уг алгоритмын SM-2 хувилбарыг голлон ашиглаж байна [[]].
 []


Overfull \hbox (28.54301pt too wide) in paragraph at lines 48--49
\T2A/cmr/m/n/12 тівшинд х°гжіілж, хэрэглэгчдийн гарт хіргэхийн тулд гар утасны аппликейшн х°гжіілэлтийн
 []


Overfull \hbox (7.39417pt too wide) in paragraph at lines 55--56
\T2A/cmr/m/n/12 An-droid ійлдлийн системд зэрэг ажиллах na-tive аппликейшн х°гжіілэх боломжийг олгодог. 
 []


Overfull \hbox (16.85297pt too wide) in paragraph at lines 81--82
\T2A/cmr/m/n/12 Expo нь Re-act Na-tive дээр суурилсан платформ б°г°°д гар утасны аппликейшн х°гжіілэлтийг
 []

[8]
Overfull \hbox (10.11667pt too wide) in paragraph at lines 86--87
[]\T2A/cmr/bx/n/12 Expo Go: \T2A/cmr/m/n/12 Бодит т°х°°р°мж дээр шууд туршилт хийх боломжтой. QR код уншуулахад
 []


Overfull \hbox (46.49269pt too wide) in paragraph at lines 92--93
[]\T2A/cmr/bx/n/12 OTA Up-dates: \T2A/cmr/m/n/12 App Store/-Google Play-д дахин илгээхгійгээр JavaScript кодын шинэчлэлтийг
 []


Overfull \hbox (29.5383pt too wide) in paragraph at lines 104--105
\T2A/cmr/m/n/12 х°гжіілэхэд зориулагдсан цогц шийдэл юм. "Backend-as-a-Service" (BaaS) загвараар ажилладаг
 []


Overfull \hbox (45.14589pt too wide) in paragraph at lines 121--122
\T2A/cmr/m/n/12 іідийг агуулна (mon-gol-Bichig, pho-netic, en-glish, def-i-ni-tion, imageUrl, cat-e-gory гэх мэт талбаруудтай). 
 []

LaTeX Font Info:    Trying to load font information for T2A+cmtt on input line 126.
(C:\Users\68\AppData\Local\Programs\MiKTeX\tex/latex/cyrillic\t2acmtt.fd
File: t2acmtt.fd 2001/08/11 v1.0a Computer Modern Cyrillic font definitions
) [9]
Package hyperref Info: bookmark level for unknown lstlisting defaults to 0 on input line 135.
LaTeX Font Info:    Font shape `T2A/cmtt/bx/n' in size <8> not available
(Font)              Font shape `T2A/cmtt/m/n' tried instead on input line 141.

Overfull \hbox (14.03146pt too wide) in paragraph at lines 162--163
\T2A/cmr/m/n/12 TensorFlow.js нь Google-ийн Ten-sor-Flow машин сургалтын фреймворкийн JavaScript хувилбар
 []

[10]
Overfull \hbox (15.50845pt too wide) in paragraph at lines 190--191
[]\T2A/cmr/bx/n/12 Anki: \T2A/cmr/m/n/12 SM-2 spaced rep-e-ti-tion алгоритм ашигладаг. Маш ір дінтэй боловч UI хуучирсан,
 []


Overfull \hbox (5.8112pt too wide) in paragraph at lines 221--222
[]\T2A/cmr/bx/n/12 Монгол бичигт тусгайлсан: \T2A/cmr/m/n/12 Одоогоор Монгол бичиг заах орчин іеийн апп байхгій.
 []

[11]) [12]
\openout2 = `Chapters/Chapter3.aux'.

 (Chapters/Chapter3.tex
Overfull \hbox (18.0368pt too wide) in paragraph at lines 8--9
\T2A/cmr/m/n/12 архитектурын шийдліідийг дэлгэрэнгій танилцуулна. М°н хэрэглэгчийн интерфэйс (UI/UX)
 []


Overfull \hbox (15.32552pt too wide) in paragraph at lines 13--14
\T2A/cmr/m/n/12 Энэхіі дэд білэгт Eg^^Du^^Du системийн ер°нхий архитектур, хэрэглэгчийн интерфэйсийн зохиомж
 []


Overfull \hbox (15.29492pt too wide) in paragraph at lines 13--14
\T2A/cmr/m/n/12 болон х°гжіілэлтэд сонгогдсон технологийн стекийн (tech-nol-ogy stack) індэслэлийг шинжлэх
 []


Overfull \hbox (0.91643pt too wide) in paragraph at lines 17--18
\T2A/cmr/m/n/12 ашигласан б°г°°д Ніір, Хайлт, Дуртай, Профайл, Камер гэсэн 5 індсэн дэлгэцээс бірдэнэ.
 []


Overfull \hbox (12.48996pt too wide) in paragraph at lines 22--23
[]\T2A/cmr/bx/n/12 Навигаци: \T2A/cmr/m/n/12 Tab-based навигаци ашигласан нь хэрэглэгч хамгийн тігээмэл хэрэглэгддэг
 []


Overfull \hbox (4.15314pt too wide) in paragraph at lines 24--25
[]\T2A/cmr/bx/n/12 Категоризаци: \T2A/cmr/m/n/12 Flashcard-уудыг категориор ангилсан нь хэрэглэгч °°рийн сонирхсон
 []


Overfull \hbox (21.28374pt too wide) in paragraph at lines 28--29
[]\T2A/cmr/bx/n/12 Gamification элементіід: \T2A/cmr/m/n/12 Streak counter, daily word, progress bar зэрэг нь хэрэглэгчийн
 []


Overfull \hbox (46.11615pt too wide) in paragraph at lines 33--34
\T2A/cmr/m/n/12 боломжтой (Scal-able) Client-Server архитектурын загвараар зохион бітээгдсэн. “інд танилцуулгын
 []


Overfull \hbox (1.45528pt too wide) in paragraph at lines 33--34
\T2A/cmr/m/n/12 болох Fire-base Back-end (°г°гдлийн сан, файл хадгалах сан, хэрэглэгчийн баталгаажуулалт)
 []

[13



]
Overfull \hbox (5.66267pt too wide) in paragraph at lines 63--64
\T2A/cmr/m/n/12 °г°гдлийн бітэц нь Монгол бичгийн сургалтын Flash-card объект (тііний доторх уламжлалт
 []


Overfull \hbox (8.11601pt too wide) in paragraph at lines 63--64
\T2A/cmr/m/n/12 бичиг, галиг, орчуулга, тодорхойлолт, зураг зэрэг бітэцгій °г°гдліід)-ын шинж чанаруудыг
 []


Overfull \hbox (26.93808pt too wide) in paragraph at lines 94--95
\T2A/cmr/m/n/12 болон An-droid дээр ажиллах cross-platform чадавхи), Fire-base (Серверийн дэд бітэц шаардахгій
 []


Overfull \hbox (31.93256pt too wide) in paragraph at lines 94--95
\T2A/cmr/m/n/12 Backend-as-a-Service шийдэл), Ten-sor-Flow.js (Т°х°°р°мж дээр шууд ажиллах, хувийн мэдээллийн
 []


Overfull \hbox (1.1983pt too wide) in paragraph at lines 94--95
\T2A/cmr/m/n/12 х°гжіілэлтийн дараах засвар ійлчилгээний (main-te-nance) зардлыг мэдэгдэхійц бууруулах
 []

[14]
Chapters/Chapter3.tex:102: Undefined control sequence.
<argument> ...rtpbox {\@nextchar }\insert@pcolumn 
                                                  \@endpbox \do@row@strut \o...
l.102 \begin{tabular}{|l|p{5cm}|p{6cm}|}
                                        
The control sequence at the end of the top line
of your error message was never \def'ed. If you have
misspelled it (e.g., `\hobx'), type `I' and the correct
spelling (e.g., `I\hbox'). Otherwise just continue,
and I'll forget about whatever was undefined.

Chapters/Chapter3.tex:102: Undefined control sequence.
<argument> ...rtpbox {\@nextchar }\insert@pcolumn 
                                                  \@endpbox \do@row@strut \o...
l.102 \begin{tabular}{|l|p{5cm}|p{6cm}|}
                                        
The control sequence at the end of the top line
of your error message was never \def'ed. If you have
misspelled it (e.g., `\hobx'), type `I' and the correct
spelling (e.g., `I\hbox'). Otherwise just continue,
and I'll forget about whatever was undefined.

Chapters/Chapter3.tex:102: Missing # inserted in alignment preamble.
<to be read again> 
                   &
l.102 \begin{tabular}{|l|p{5cm}|p{6cm}|}
                                        
There should be exactly one # between &'s, when an
\halign or \valign is being set up. In this case you had
none, so I've put one in; maybe that will work.

Chapters/Chapter3.tex:102: Missing # inserted in alignment preamble.
<to be read again> 
                   \cr 
l.102 \begin{tabular}{|l|p{5cm}|p{6cm}|}
                                        
There should be exactly one # between &'s, when an
\halign or \valign is being set up. In this case you had
none, so I've put one in; maybe that will work.


Overfull \hbox (625.1435pt too wide) in paragraph at lines 102--119
 [][] 
 []


Overfull \hbox (0.59816pt too wide) in paragraph at lines 128--129
\T2A/cmr/m/n/12 Функциональ шаардлага нь системийн хийх јстой індсэн ійлдліідийг тодорхойлдог. Eg^^Du^^Du
 []


Overfull \hbox (17.90828pt too wide) in paragraph at lines 143--144
[]\T2A/cmr/m/n/12 FR-8: Систем нь spaced rep-e-ti-tion алгоритмаар дараагийн давталтын хугацааг тооцоолох 
 []

[15] [16]
Overfull \hbox (21.55591pt too wide) in paragraph at lines 241--242
\T2A/cmr/m/n/12 Use Case диаграмм нь системийн індсэн функцуудыг болон хэрэглэгчийн харилцааг харуулдаг.
 []

<Figures/diagrams/usecasediagram.png, id=248, 2504.35625pt x 2150.0325pt>
File: Figures/diagrams/usecasediagram.png Graphic file (type png)
<use Figures/diagrams/usecasediagram.png>
Package pdftex.def Info: Figures/diagrams/usecasediagram.png  used on input line 245.
(pdftex.def)             Requested size: 435.32422pt x 373.7024pt.
[17]
Overfull \hbox (2.52148pt too wide) in paragraph at lines 252--253
\T2A/cmr/m/n/12 байна: Біртгіілэх/Нэвтрэх, Flash-card суралцах, Flash-card хайх, Дуртай жагсаалт, ђдрийн
 []

<Figures/diagrams/sequence.png, id=259, 564.6696pt x 272.9397pt>
File: Figures/diagrams/sequence.png Graphic file (type png)
<use Figures/diagrams/sequence.png>
Package pdftex.def Info: Figures/diagrams/sequence.png  used on input line 260.
(pdftex.def)             Requested size: 483.69687pt x 233.80315pt.
[18 <./Figures/diagrams/usecasediagram.png>]
Overfull \hbox (28.06915pt too wide) in paragraph at lines 267--268
\T2A/cmr/m/n/12 ріі шилжих. Fire-base Au-then-ti-ca-tion ашигласнаар аюулгій токен-д суурилсан баталгаажуулалт
 []

<Figures/diagrams/activitydiagram.png, id=269, 1291.9467pt x 181.6386pt>
File: Figures/diagrams/activitydiagram.png Graphic file (type png)
<use Figures/diagrams/activitydiagram.png>
Package pdftex.def Info: Figures/diagrams/activitydiagram.png  used on input line 275.
(pdftex.def)             Requested size: 483.69687pt x 68.00343pt.

Overfull \hbox (22.73483pt too wide) in paragraph at lines 282--283
\T2A/cmr/m/n/12 rep-e-ti-tion алгоритм нь хэрэглэгчийн інэлгээний дагуу дараагийн давталтын огноог тооцоолдог. 
 []

<Figures/diagrams/dataflow.png, id=270, 859.41075pt x 536.60475pt>
File: Figures/diagrams/dataflow.png Graphic file (type png)
<use Figures/diagrams/dataflow.png>
Package pdftex.def Info: Figures/diagrams/dataflow.png  used on input line 290.
(pdftex.def)             Requested size: 483.69687pt x 302.01137pt.
[19 <./Figures/diagrams/sequence.png> <./Figures/diagrams/activitydiagram.png>] [20 <./Figures/diagrams/dataflow.png>]
Overfull \hbox (12.9435pt too wide) in paragraph at lines 369--370
\T2A/cmr/m/n/12 Eg^^Du^^Du апп нь модуляр архитектураар зохион байгуулагдсан б°г°°д дараах індсэн модулиудаас
 []

[21]

Chapters/Chapter3.tex:423: LaTeX Error: Unicode character б   (U+1820)
               not set up for use with LaTeX.

See the LaTeX manual or LaTeX Companion for explanation.
Type  H <return>  for immediate help.
 ...                                              
                                                  
l.423 ...РњРѕРЅРіРѕР» Р±РёС‡РіРёР№РЅ ТЇСЃСЌРі "б  
                                                  "
You may provide a definition with
\DeclareUnicodeCharacter 

[22]
<Figures/diagrams/erd.png, id=374, 518.53725pt x 352.9185pt>
File: Figures/diagrams/erd.png Graphic file (type png)
<use Figures/diagrams/erd.png>
Package pdftex.def Info: Figures/diagrams/erd.png  used on input line 494.
(pdftex.def)             Requested size: 483.69687pt x 329.20705pt.
 [23]
Overfull \hbox (2.87802pt too wide) in paragraph at lines 520--521
\T2A/cmr/m/n/12 жагсаалт; (2) Flash-card суралцах дэлгэц - Эргэдэг карт, інэлгээ °г°х товчнууд; (3) Хайлтын
 []


Overfull \hbox (5.89651pt too wide) in paragraph at lines 520--521
\T2A/cmr/m/n/12 дэлгэц - Хайлтын талбар, категори шіілтіір; (4) OCR дэлгэц - Камерын pre-view, таниулсан
 []

[24 <./Figures/diagrams/erd.png>]
Overfull \hbox (13.46767pt too wide) in paragraph at lines 581--582
\T2A/cmr/m/n/12 архитектур, °г°гдлийн сангийн зохиомж, хэрэглэгчийн туршлагын загварчлал болон "Spaced
 []


Overfull \hbox (15.22978pt too wide) in paragraph at lines 581--582
\T2A/cmr/m/n/12 rep-e-ti-tion" алгоритмын онолын хэрэгжіілэлтийг инженерингийн арга зійн дагуу нарийвчлан
 []

[25]
Overfull \hbox (2.83278pt too wide) in paragraph at lines 585--586
[]\T2A/cmr/m/n/12 Програм хангамжийн шаардлагын тодорхойлолтыг функциональ болон функциональ
 []


Overfull \hbox (30.89252pt too wide) in paragraph at lines 592--593
[]\T2A/cmr/m/n/12 Дараагийн білэгт эдгээр технологийн болон архитектурын зохиомжид тулгуурлан системийн
 []

) [26]
\openout2 = `Chapters/Chapter4.aux'.

 (Chapters/Chapter4.tex
Chapters/Chapter4.tex:21: Undefined control sequence.
<argument> ...rtpbox {\@nextchar }\insert@pcolumn 
                                                  \@endpbox \do@row@strut \o...
l.21 \begin{tabular}{|l|l|p{6cm}|}
                                  
The control sequence at the end of the top line
of your error message was never \def'ed. If you have
misspelled it (e.g., `\hobx'), type `I' and the correct
spelling (e.g., `I\hbox'). Otherwise just continue,
and I'll forget about whatever was undefined.

Chapters/Chapter4.tex:21: Missing # inserted in alignment preamble.
<to be read again> 
                   \cr 
l.21 \begin{tabular}{|l|l|p{6cm}|}
                                  
There should be exactly one # between &'s, when an
\halign or \valign is being set up. In this case you had
none, so I've put one in; maybe that will work.


Overfull \hbox (24.97658pt too wide) in paragraph at lines 21--40
 [][] 
 []

(C:\Users\68\AppData\Local\Programs\MiKTeX\tex/latex/listings\lstlang1.sty
File: lstlang1.sty 2023/02/27 1.9 listings language file
) (C:\Users\68\AppData\Local\Programs\MiKTeX\tex/latex/listings\lstlang1.sty
File: lstlang1.sty 2023/02/27 1.9 listings language file
) [27



]
Overfull \hbox (12.4978pt too wide) in paragraph at lines 81--81
[]\T2A/cmr/bx/n/14.4 Системийн ц°м модулиудын програм хангамжийн хэрэгжіілэлт 
 []


Overfull \hbox (21.74855pt too wide) in paragraph at lines 84--85
\T2A/cmr/m/n/12 GitHub платформ дээр байршуулсан болно: [][]$\T2A/cmtt/m/n/12 https : / / github . com / Tugu69ur / movieApp$[][]\T2A/cmr/m/n/12 . Дараах
 []


Overfull \hbox (0.2195pt too wide) in paragraph at lines 84--85
\T2A/cmr/m/n/12 дэд хэсгіідэд системийн амин чухал функцуудын кодчилол болон техникийн шийдліідийг
 []


Overfull \hbox (70.26288pt too wide) in paragraph at lines 88--89
\T2A/cmr/m/n/12 base платформыг бірэн хэмжээгээр интеграци хийсэн. “інд хэрэглэгчийн біртгэл, баталгаажуулалтын
 []


Overfull \hbox (28.37381pt too wide) in paragraph at lines 88--89
\T2A/cmr/m/n/12 Stor-age зэрэг індсэн ійлчилгээніідийг Re-act Na-tive клиент аппликейшнтай холбож, найдвартай
 []


LaTeX Warning: File `Figures/Login.png' not found on input line 95.


Chapters/Chapter4.tex:95: Package pdftex.def Error: File `Figures/Login.png' not found: using draft setting.

See the pdftex.def package documentation for explanation.
Type  H <return>  for immediate help.
 ...                                              
                                                  
l.95 ...cs[width=0.3\textwidth]{Figures/Login.png}
                                                  
Try typing  <return>  to proceed.
If that doesn't work, type  X <return>  to quit.


LaTeX Warning: File `Figures/SignUp.png' not found on input line 102.


Chapters/Chapter4.tex:102: Package pdftex.def Error: File `Figures/SignUp.png' not found: using draft setting.

See the pdftex.def package documentation for explanation.
Type  H <return>  for immediate help.
 ...                                              
                                                  
l.102 ...[width=0.3\textwidth]{Figures/SignUp.png}
                                                  
Try typing  <return>  to proceed.
If that doesn't work, type  X <return>  to quit.


LaTeX Warning: `h' float specifier changed to `ht'.


Chapters/Chapter4.tex:115: LaTeX Error: Invalid UTF-8 byte sequence (С\lst@FillFixed@).

See the LaTeX manual or LaTeX Companion for explanation.
Type  H <return>  for immediate help.
 ...                                              
                                                  
l.115 // Interval С‚РѕРѕС†РѕРѕР»РѕС…
                                    
The document does not appear to be in UTF-8 encoding.
Try adding \UseRawInputEncoding as the first line of the file
or specify an encoding such as \usepackage [latin1]{inputenc}
in the document preamble.
Alternatively, save the file in UTF-8 using your editor or another tool


Chapters/Chapter4.tex:115: LaTeX Error: Invalid UTF-8 byte "82.

See the LaTeX manual or LaTeX Companion for explanation.
Type  H <return>  for immediate help.
 ...                                              
                                                  
l.115 // Interval С‚РѕРѕС†РѕРѕР»РѕС…
                                    
The document does not appear to be in UTF-8 encoding.
Try adding \UseRawInputEncoding as the first line of the file
or specify an encoding such as \usepackage [latin1]{inputenc}
in the document preamble.
Alternatively, save the file in UTF-8 using your editor or another tool


Chapters/Chapter4.tex:115: LaTeX Error: Invalid UTF-8 byte sequence (Р\lst@ECѕ).

See the LaTeX manual or LaTeX Companion for explanation.
Type  H <return>  for immediate help.
 ...                                              
                                                  
l.115 // Interval С‚РѕРѕС†РѕРѕР»РѕС…
                                    
The document does not appear to be in UTF-8 encoding.
Try adding \UseRawInputEncoding as the first line of the file
or specify an encoding such as \usepackage [latin1]{inputenc}
in the document preamble.
Alternatively, save the file in UTF-8 using your editor or another tool


Chapters/Chapter4.tex:115: LaTeX Error: Invalid UTF-8 byte sequence (Р\lst@ECѕ).

See the LaTeX manual or LaTeX Companion for explanation.
Type  H <return>  for immediate help.
 ...                                              
                                                  
l.115 // Interval С‚РѕРѕС†РѕРѕР»РѕС…
                                    
The document does not appear to be in UTF-8 encoding.
Try adding \UseRawInputEncoding as the first line of the file
or specify an encoding such as \usepackage [latin1]{inputenc}
in the document preamble.
Alternatively, save the file in UTF-8 using your editor or another tool


Chapters/Chapter4.tex:115: LaTeX Error: Invalid UTF-8 byte sequence (С\lst@EC†).

See the LaTeX manual or LaTeX Companion for explanation.
Type  H <return>  for immediate help.
 ...                                              
                                                  
l.115 // Interval С‚РѕРѕС†РѕРѕР»РѕС…
                                    
The document does not appear to be in UTF-8 encoding.
Try adding \UseRawInputEncoding as the first line of the file
or specify an encoding such as \usepackage [latin1]{inputenc}
in the document preamble.
Alternatively, save the file in UTF-8 using your editor or another tool


Chapters/Chapter4.tex:115: LaTeX Error: Invalid UTF-8 byte sequence (Р\lst@ECѕ).

See the LaTeX manual or LaTeX Companion for explanation.
Type  H <return>  for immediate help.
 ...                                              
                                                  
l.115 // Interval С‚РѕРѕС†РѕРѕР»РѕС…
                                    
The document does not appear to be in UTF-8 encoding.
Try adding \UseRawInputEncoding as the first line of the file
or specify an encoding such as \usepackage [latin1]{inputenc}
in the document preamble.
Alternatively, save the file in UTF-8 using your editor or another tool


Chapters/Chapter4.tex:115: LaTeX Error: Invalid UTF-8 byte sequence (Р\lst@ECѕ).

See the LaTeX manual or LaTeX Companion for explanation.
Type  H <return>  for immediate help.
 ...                                              
                                                  
l.115 // Interval С‚РѕРѕС†РѕРѕР»РѕС…
                                    
The document does not appear to be in UTF-8 encoding.
Try adding \UseRawInputEncoding as the first line of the file
or specify an encoding such as \usepackage [latin1]{inputenc}
in the document preamble.
Alternatively, save the file in UTF-8 using your editor or another tool


Chapters/Chapter4.tex:115: LaTeX Error: Invalid UTF-8 byte sequence (Р\lst@EC»).

See the LaTeX manual or LaTeX Companion for explanation.
Type  H <return>  for immediate help.
 ...                                              
                                                  
l.115 // Interval С‚РѕРѕС†РѕРѕР»РѕС…
                                    
The document does not appear to be in UTF-8 encoding.
Try adding \UseRawInputEncoding as the first line of the file
or specify an encoding such as \usepackage [latin1]{inputenc}
in the document preamble.
Alternatively, save the file in UTF-8 using your editor or another tool


Chapters/Chapter4.tex:115: LaTeX Error: Invalid UTF-8 byte sequence (Р\lst@ECѕ).

See the LaTeX manual or LaTeX Companion for explanation.
Type  H <return>  for immediate help.
 ...                                              
                                                  
l.115 // Interval С‚РѕРѕС†РѕРѕР»РѕС…
                                    
The document does not appear to be in UTF-8 encoding.
Try adding \UseRawInputEncoding as the first line of the file
or specify an encoding such as \usepackage [latin1]{inputenc}
in the document preamble.
Alternatively, save the file in UTF-8 using your editor or another tool


Chapters/Chapter4.tex:115: LaTeX Error: Invalid UTF-8 byte sequence (С\lst@EC…).

See the LaTeX manual or LaTeX Companion for explanation.
Type  H <return>  for immediate help.
 ...                                              
                                                  
l.115 // Interval С‚РѕРѕС†РѕРѕР»РѕС…
                                    
The document does not appear to be in UTF-8 encoding.
Try adding \UseRawInputEncoding as the first line of the file
or specify an encoding such as \usepackage [latin1]{inputenc}
in the document preamble.
Alternatively, save the file in UTF-8 using your editor or another tool


Chapters/Chapter4.tex:117: LaTeX Error: Invalid UTF-8 byte sequence (Р\lst@FillFixed@).

See the LaTeX manual or LaTeX Companion for explanation.
Type  H <return>  for immediate help.
 ...                                              
                                                  
l.117   interval = 1;  // Р”Р°С…РёРЅ 
                                     РґР°РІС‚Р°С…
The document does not appear to be in UTF-8 encoding.
Try adding \UseRawInputEncoding as the first line of the file
or specify an encoding such as \usepackage [latin1]{inputenc}
in the document preamble.
Alternatively, save the file in UTF-8 using your editor or another tool


Chapters/Chapter4.tex:117: LaTeX Error: Invalid UTF-8 byte "94.

See the LaTeX manual or LaTeX Companion for explanation.
Type  H <return>  for immediate help.
 ...                                              
                                                  
l.117   interval = 1;  // Р”Р°С…РёРЅ 
                                     РґР°РІС‚Р°С…
The document does not appear to be in UTF-8 encoding.
Try adding \UseRawInputEncoding as the first line of the file
or specify an encoding such as \usepackage [latin1]{inputenc}
in the document preamble.
Alternatively, save the file in UTF-8 using your editor or another tool


Chapters/Chapter4.tex:117: LaTeX Error: Invalid UTF-8 byte sequence (Р\lst@EC°).

See the LaTeX manual or LaTeX Companion for explanation.
Type  H <return>  for immediate help.
 ...                                              
                                                  
l.117   interval = 1;  // Р”Р°С…РёРЅ 
                                     РґР°РІС‚Р°С…
The document does not appear to be in UTF-8 encoding.
Try adding \UseRawInputEncoding as the first line of the file
or specify an encoding such as \usepackage [latin1]{inputenc}
in the document preamble.
Alternatively, save the file in UTF-8 using your editor or another tool


Chapters/Chapter4.tex:117: LaTeX Error: Invalid UTF-8 byte sequence (С\lst@EC…).

See the LaTeX manual or LaTeX Companion for explanation.
Type  H <return>  for immediate help.
 ...                                              
                                                  
l.117   interval = 1;  // Р”Р°С…РёРЅ 
                                     РґР°РІС‚Р°С…
The document does not appear to be in UTF-8 encoding.
Try adding \UseRawInputEncoding as the first line of the file
or specify an encoding such as \usepackage [latin1]{inputenc}
in the document preamble.
Alternatively, save the file in UTF-8 using your editor or another tool


Chapters/Chapter4.tex:117: LaTeX Error: Invalid UTF-8 byte sequence (Р\lst@ECё).

See the LaTeX manual or LaTeX Companion for explanation.
Type  H <return>  for immediate help.
 ...                                              
                                                  
l.117   interval = 1;  // Р”Р°С…РёРЅ 
                                     РґР°РІС‚Р°С…
The document does not appear to be in UTF-8 encoding.
Try adding \UseRawInputEncoding as the first line of the file
or specify an encoding such as \usepackage [latin1]{inputenc}
in the document preamble.
Alternatively, save the file in UTF-8 using your editor or another tool


Chapters/Chapter4.tex:117: LaTeX Error: Invalid UTF-8 byte sequence (Р\lst@ECЅ).

See the LaTeX manual or LaTeX Companion for explanation.
Type  H <return>  for immediate help.
 ...                                              
                                                  
l.117   interval = 1;  // Р”Р°С…РёРЅ 
                                     РґР°РІС‚Р°С…
The document does not appear to be in UTF-8 encoding.
Try adding \UseRawInputEncoding as the first line of the file
or specify an encoding such as \usepackage [latin1]{inputenc}
in the document preamble.
Alternatively, save the file in UTF-8 using your editor or another tool


Chapters/Chapter4.tex:117: LaTeX Error: Invalid UTF-8 byte sequence (Р\lst@FillFixed@).

See the LaTeX manual or LaTeX Companion for explanation.
Type  H <return>  for immediate help.
 ...                                              
                                                  
l.117   interval = 1;  // Р”Р°С…РёРЅ РґР°РІС‚Р°С…
                                                 
The document does not appear to be in UTF-8 encoding.
Try adding \UseRawInputEncoding as the first line of the file
or specify an encoding such as \usepackage [latin1]{inputenc}
in the document preamble.
Alternatively, save the file in UTF-8 using your editor or another tool


Chapters/Chapter4.tex:117: LaTeX Error: Invalid UTF-8 byte "B4.

See the LaTeX manual or LaTeX Companion for explanation.
Type  H <return>  for immediate help.
 ...                                              
                                                  
l.117   interval = 1;  // Р”Р°С…РёРЅ РґР°РІС‚Р°С…
                                                 
The document does not appear to be in UTF-8 encoding.
Try adding \UseRawInputEncoding as the first line of the file
or specify an encoding such as \usepackage [latin1]{inputenc}
in the document preamble.
Alternatively, save the file in UTF-8 using your editor or another tool


Chapters/Chapter4.tex:117: LaTeX Error: Invalid UTF-8 byte sequence (Р\lst@EC°).

See the LaTeX manual or LaTeX Companion for explanation.
Type  H <return>  for immediate help.
 ...                                              
                                                  
l.117   interval = 1;  // Р”Р°С…РёРЅ РґР°РІС‚Р°С…
                                                 
The document does not appear to be in UTF-8 encoding.
Try adding \UseRawInputEncoding as the first line of the file
or specify an encoding such as \usepackage [latin1]{inputenc}
in the document preamble.
Alternatively, save the file in UTF-8 using your editor or another tool


Chapters/Chapter4.tex:117: LaTeX Error: Invalid UTF-8 byte sequence (Р\lst@ECІ).

See the LaTeX manual or LaTeX Companion for explanation.
Type  H <return>  for immediate help.
 ...                                              
                                                  
l.117   interval = 1;  // Р”Р°С…РёРЅ РґР°РІС‚Р°С…
                                                 
The document does not appear to be in UTF-8 encoding.
Try adding \UseRawInputEncoding as the first line of the file
or specify an encoding such as \usepackage [latin1]{inputenc}
in the document preamble.
Alternatively, save the file in UTF-8 using your editor or another tool


Chapters/Chapter4.tex:117: LaTeX Error: Invalid UTF-8 byte sequence (С\lst@EC‚).

See the LaTeX manual or LaTeX Companion for explanation.
Type  H <return>  for immediate help.
 ...                                              
                                                  
l.117   interval = 1;  // Р”Р°С…РёРЅ РґР°РІС‚Р°С…
                                                 
The document does not appear to be in UTF-8 encoding.
Try adding \UseRawInputEncoding as the first line of the file
or specify an encoding such as \usepackage [latin1]{inputenc}
in the document preamble.
Alternatively, save the file in UTF-8 using your editor or another tool


Chapters/Chapter4.tex:117: LaTeX Error: Invalid UTF-8 byte sequence (Р\lst@EC°).

See the LaTeX manual or LaTeX Companion for explanation.
Type  H <return>  for immediate help.
 ...                                              
                                                  
l.117   interval = 1;  // Р”Р°С…РёРЅ РґР°РІС‚Р°С…
                                                 
The document does not appear to be in UTF-8 encoding.
Try adding \UseRawInputEncoding as the first line of the file
or specify an encoding such as \usepackage [latin1]{inputenc}
in the document preamble.
Alternatively, save the file in UTF-8 using your editor or another tool


Chapters/Chapter4.tex:117: LaTeX Error: Invalid UTF-8 byte sequence (С\lst@EC…).

See the LaTeX manual or LaTeX Companion for explanation.
Type  H <return>  for immediate help.
 ...                                              
                                                  
l.117   interval = 1;  // Р”Р°С…РёРЅ РґР°РІС‚Р°С…
                                                 
The document does not appear to be in UTF-8 encoding.
Try adding \UseRawInputEncoding as the first line of the file
or specify an encoding such as \usepackage [latin1]{inputenc}
in the document preamble.
Alternatively, save the file in UTF-8 using your editor or another tool

[28]
Overfull \hbox (13.17874pt too wide) in paragraph at lines 123--124
[]\T2A/cmr/m/n/12 Дэлгэрэнгій хэрэгжіілэлт: [][]$\T2A/cmtt/m/n/12 https : / / github . com / Tugu69ur / movieApp / blob / main / utils /
 []


Overfull \hbox (25.87462pt too wide) in paragraph at lines 150--151
\T2A/cmr/m/n/12 React Na-tive болон Na-tiveWind (Tail-wind-CSS) ашиглан орчин іеийн, re-spon-sive UI компонентууд
 []


Overfull \hbox (23.02794pt too wide) in paragraph at lines 159--160
[]\T2A/cmr/m/n/12 Біх компонентын эх код: [][]$\T2A/cmtt/m/n/12 https : / / github . com / Tugu69ur / movieApp / tree / main / components$[][] 
 []


LaTeX Warning: File `Figures/Home.png' not found on input line 164.


Chapters/Chapter4.tex:164: Package pdftex.def Error: File `Figures/Home.png' not found: using draft setting.

See the pdftex.def package documentation for explanation.
Type  H <return>  for immediate help.
 ...                                              
                                                  
l.164 ...cs[width=0.3\textwidth]{Figures/Home.png}
                                                  
Try typing  <return>  to proceed.
If that doesn't work, type  X <return>  to quit.


LaTeX Warning: `h' float specifier changed to `ht'.


LaTeX Warning: File `Figures/Profile.png' not found on input line 173.


Chapters/Chapter4.tex:173: Package pdftex.def Error: File `Figures/Profile.png' not found: using draft setting.

See the pdftex.def package documentation for explanation.
Type  H <return>  for immediate help.
 ...                                              
                                                  
l.173 ...width=0.3\textwidth]{Figures/Profile.png}
                                                  
Try typing  <return>  to proceed.
If that doesn't work, type  X <return>  to quit.


LaTeX Warning: `h' float specifier changed to `ht'.

[29]

LaTeX Warning: File `Figures/HandWriting.png' not found on input line 195.


Chapters/Chapter4.tex:195: Package pdftex.def Error: File `Figures/HandWriting.png' not found: using draft setting.

See the pdftex.def package documentation for explanation.
Type  H <return>  for immediate help.
 ...                                              
                                                  
l.195 ...h=0.3\textwidth]{Figures/HandWriting.png}
                                                  
Try typing  <return>  to proceed.
If that doesn't work, type  X <return>  to quit.


LaTeX Warning: File `Figures/OCR.png' not found on input line 202.


Chapters/Chapter4.tex:202: Package pdftex.def Error: File `Figures/OCR.png' not found: using draft setting.

See the pdftex.def package documentation for explanation.
Type  H <return>  for immediate help.
 ...                                              
                                                  
l.202 ...ics[width=0.3\textwidth]{Figures/OCR.png}
                                                  
Try typing  <return>  to proceed.
If that doesn't work, type  X <return>  to quit.


LaTeX Warning: `h' float specifier changed to `ht'.


LaTeX Warning: File `Figures/enteredImageAndRecognizing.jpg' not found on input line 209.


Chapters/Chapter4.tex:209: Package pdftex.def Error: File `Figures/enteredImageAndRecognizing.jpg' not found: using draft setting.

See the pdftex.def package documentation for explanation.
Type  H <return>  for immediate help.
 ...                                              
                                                  
l.209 ...]{Figures/enteredImageAndRecognizing.jpg}
                                                  
Try typing  <return>  to proceed.
If that doesn't work, type  X <return>  to quit.


LaTeX Warning: `h' float specifier changed to `ht'.


LaTeX Warning: File `Figures/OCRModel-LearningCurve.png' not found on input line 220.


Chapters/Chapter4.tex:220: Package pdftex.def Error: File `Figures/OCRModel-LearningCurve.png' not found: using draft setting.

See the pdftex.def package documentation for explanation.
Type  H <return>  for immediate help.
 ...                                              
                                                  
l.220 ...idth]{Figures/OCRModel-LearningCurve.png}
                                                  
Try typing  <return>  to proceed.
If that doesn't work, type  X <return>  to quit.


LaTeX Warning: `h' float specifier changed to `ht'.


LaTeX Warning: File `Figures/all_segments.png' not found on input line 227.


Chapters/Chapter4.tex:227: Package pdftex.def Error: File `Figures/all_segments.png' not found: using draft setting.

See the pdftex.def package documentation for explanation.
Type  H <return>  for immediate help.
 ...                                              
                                                  
l.227 ...0.45\textwidth]{Figures/all_segments.png}
                                                  
Try typing  <return>  to proceed.
If that doesn't work, type  X <return>  to quit.


LaTeX Warning: `h' float specifier changed to `ht'.


LaTeX Warning: File `Figures/lineinput.png' not found on input line 234.


Chapters/Chapter4.tex:234: Package pdftex.def Error: File `Figures/lineinput.png' not found: using draft setting.

See the pdftex.def package documentation for explanation.
Type  H <return>  for immediate help.
 ...                                              
                                                  
l.234 ...th=0.45\textwidth]{Figures/lineinput.png}
                                                  
Try typing  <return>  to proceed.
If that doesn't work, type  X <return>  to quit.


LaTeX Warning: `h' float specifier changed to `ht'.

Chapters/Chapter4.tex:249: Undefined control sequence.
<argument> ...rtpbox {\@nextchar }\insert@pcolumn 
                                                  \@endpbox \do@row@strut \o...
l.249 \begin{tabular}{|l|r|p{6cm}|}
                                   
The control sequence at the end of the top line
of your error message was never \def'ed. If you have
misspelled it (e.g., `\hobx'), type `I' and the correct
spelling (e.g., `I\hbox'). Otherwise just continue,
and I'll forget about whatever was undefined.

Chapters/Chapter4.tex:249: Missing # inserted in alignment preamble.
<to be read again> 
                   \cr 
l.249 \begin{tabular}{|l|r|p{6cm}|}
                                   
There should be exactly one # between &'s, when an
\halign or \valign is being set up. In this case you had
none, so I've put one in; maybe that will work.


Overfull \hbox (115.2969pt too wide) in paragraph at lines 249--262
 [][] 
 []

[30]

Chapters/Chapter4.tex:269: LaTeX Error: Unicode character б   (U+1820)
               not set up for use with LaTeX.

See the LaTeX manual or LaTeX Companion for explanation.
Type  H <return>  for immediate help.
 ...                                              
                                                  
l.269 ...\textbf{Р­РіС€РёРі ТЇСЃРіТЇТЇРґ (7):} б  
                                                  , б Ў, б ў, б Ј, б ¤, б Ґ,...
You may provide a definition with
\DeclareUnicodeCharacter 


Chapters/Chapter4.tex:269: LaTeX Error: Unicode character б Ў (U+1821)
               not set up for use with LaTeX.

See the LaTeX manual or LaTeX Companion for explanation.
Type  H <return>  for immediate help.
 ...                                              
                                                  
l.269 ...bf{Р­РіС€РёРі ТЇСЃРіТЇТЇРґ (7):} б  , б Ў
                                                  , б ў, б Ј, б ¤, б Ґ, б ¦
You may provide a definition with
\DeclareUnicodeCharacter 


Chapters/Chapter4.tex:269: LaTeX Error: Unicode character б ў (U+1822)
               not set up for use with LaTeX.

See the LaTeX manual or LaTeX Companion for explanation.
Type  H <return>  for immediate help.
 ...                                              
                                                  
l.269 ...РіС€РёРі ТЇСЃРіТЇТЇРґ (7):} б  , б Ў, б ў
                                                  , б Ј, б ¤, б Ґ, б ¦
You may provide a definition with
\DeclareUnicodeCharacter 


Chapters/Chapter4.tex:269: LaTeX Error: Unicode character б Ј (U+1823)
               not set up for use with LaTeX.

See the LaTeX manual or LaTeX Companion for explanation.
Type  H <return>  for immediate help.
 ...                                              
                                                  
l.269 ...ёРі ТЇСЃРіТЇТЇРґ (7):} б  , б Ў, б ў, б Ј
                                                  , б ¤, б Ґ, б ¦
You may provide a definition with
\DeclareUnicodeCharacter 


Chapters/Chapter4.tex:269: LaTeX Error: Unicode character б ¤ (U+1824)
               not set up for use with LaTeX.

See the LaTeX manual or LaTeX Companion for explanation.
Type  H <return>  for immediate help.
 ...                                              
                                                  
l.269 ...ЇСЃРіТЇТЇРґ (7):} б  , б Ў, б ў, б Ј, б ¤
                                                  , б Ґ, б ¦
You may provide a definition with
\DeclareUnicodeCharacter 


Chapters/Chapter4.tex:269: LaTeX Error: Unicode character б Ґ (U+1825)
               not set up for use with LaTeX.

See the LaTeX manual or LaTeX Companion for explanation.
Type  H <return>  for immediate help.
 ...                                              
                                                  
l.269 ...ТЇТЇРґ (7):} б  , б Ў, б ў, б Ј, б ¤, б Ґ
                                                  , б ¦
You may provide a definition with
\DeclareUnicodeCharacter 


Chapters/Chapter4.tex:269: LaTeX Error: Unicode character б ¦ (U+1826)
               not set up for use with LaTeX.

See the LaTeX manual or LaTeX Companion for explanation.
Type  H <return>  for immediate help.
 ...                                              
                                                  
l.269 ...ґ (7):} б  , б Ў, б ў, б Ј, б ¤, б Ґ, б ¦
                                                  
You may provide a definition with
\DeclareUnicodeCharacter 


Chapters/Chapter4.tex:270: LaTeX Error: Unicode character б Ё (U+1828)
               not set up for use with LaTeX.

See the LaTeX manual or LaTeX Companion for explanation.
Type  H <return>  for immediate help.
 ...                                              
                                                  
l.270 ...ёР№РіТЇТЇР»СЌРіС‡ ТЇСЃРіТЇТЇРґ (26):} б Ё
                                                  , б ©, б Є, б «, б ¬, б ­,...
You may provide a definition with
\DeclareUnicodeCharacter 


Chapters/Chapter4.tex:270: LaTeX Error: Unicode character б © (U+1829)
               not set up for use with LaTeX.

See the LaTeX manual or LaTeX Companion for explanation.
Type  H <return>  for immediate help.
 ...                                              
                                                  
l.270 ...ТЇТЇР»СЌРіС‡ ТЇСЃРіТЇТЇРґ (26):} б Ё, б ©
                                                  , б Є, б «, б ¬, б ­, б ®,...
You may provide a definition with
\DeclareUnicodeCharacter 


Chapters/Chapter4.tex:270: LaTeX Error: Unicode character б Є (U+182A)
               not set up for use with LaTeX.

See the LaTeX manual or LaTeX Companion for explanation.
Type  H <return>  for immediate help.
 ...                                              
                                                  
l.270 ...»СЌРіС‡ ТЇСЃРіТЇТЇРґ (26):} б Ё, б ©, б Є
                                                  , б «, б ¬, б ­, б ®, б Ї,...
You may provide a definition with
\DeclareUnicodeCharacter 


Chapters/Chapter4.tex:270: LaTeX Error: Unicode character б « (U+182B)
               not set up for use with LaTeX.

See the LaTeX manual or LaTeX Companion for explanation.
Type  H <return>  for immediate help.
 ...                                              
                                                  
l.270 ...С‡ ТЇСЃРіТЇТЇРґ (26):} б Ё, б ©, б Є, б «
                                                  , б ¬, б ­, б ®, б Ї, б °,...
You may provide a definition with
\DeclareUnicodeCharacter 


Chapters/Chapter4.tex:270: LaTeX Error: Unicode character б ¬ (U+182C)
               not set up for use with LaTeX.

See the LaTeX manual or LaTeX Companion for explanation.
Type  H <return>  for immediate help.
 ...                                              
                                                  
l.270 ...СЃРіТЇТЇРґ (26):} б Ё, б ©, б Є, б «, б ¬
                                                  , б ­, б ®, б Ї, б °, б ±,...
You may provide a definition with
\DeclareUnicodeCharacter 


Chapters/Chapter4.tex:270: LaTeX Error: Unicode character б ­ (U+182D)
               not set up for use with LaTeX.

See the LaTeX manual or LaTeX Companion for explanation.
Type  H <return>  for immediate help.
 ...                                              
                                                  
l.270 ...ЇТЇРґ (26):} б Ё, б ©, б Є, б «, б ¬, б ­
                                                  , б ®, б Ї, б °, б ±, б І,...
You may provide a definition with
\DeclareUnicodeCharacter 


Chapters/Chapter4.tex:270: LaTeX Error: Unicode character б ® (U+182E)
               not set up for use with LaTeX.

See the LaTeX manual or LaTeX Companion for explanation.
Type  H <return>  for immediate help.
 ...                                              
                                                  
l.270 ... (26):} б Ё, б ©, б Є, б «, б ¬, б ­, б ®
                                                  , б Ї, б °, б ±, б І, б і,...
You may provide a definition with
\DeclareUnicodeCharacter 


Chapters/Chapter4.tex:270: LaTeX Error: Unicode character б Ї (U+182F)
               not set up for use with LaTeX.

See the LaTeX manual or LaTeX Companion for explanation.
Type  H <return>  for immediate help.
 ...                                              
                                                  
l.270 ...:} б Ё, б ©, б Є, б «, б ¬, б ­, б ®, б Ї
                                                  , б °, б ±, б І, б і, б ґ,...
You may provide a definition with
\DeclareUnicodeCharacter 


Chapters/Chapter4.tex:270: LaTeX Error: Unicode character б ° (U+1830)
               not set up for use with LaTeX.

See the LaTeX manual or LaTeX Companion for explanation.
Type  H <return>  for immediate help.
 ...                                              
                                                  
l.270 ...Ё, б ©, б Є, б «, б ¬, б ­, б ®, б Ї, б °
                                                  , б ±, б І, б і, б ґ, б µ,...
You may provide a definition with
\DeclareUnicodeCharacter 


Chapters/Chapter4.tex:270: LaTeX Error: Unicode character б ± (U+1831)
               not set up for use with LaTeX.

See the LaTeX manual or LaTeX Companion for explanation.
Type  H <return>  for immediate help.
 ...                                              
                                                  
l.270 ...©, б Є, б «, б ¬, б ­, б ®, б Ї, б °, б ±
                                                  , б І, б і, б ґ, б µ, б ¶,...
You may provide a definition with
\DeclareUnicodeCharacter 


Chapters/Chapter4.tex:270: LaTeX Error: Unicode character б І (U+1832)
               not set up for use with LaTeX.

See the LaTeX manual or LaTeX Companion for explanation.
Type  H <return>  for immediate help.
 ...                                              
                                                  
l.270 ...Є, б «, б ¬, б ­, б ®, б Ї, б °, б ±, б І
                                                  , б і, б ґ, б µ, б ¶, б ·,...
You may provide a definition with
\DeclareUnicodeCharacter 


Chapters/Chapter4.tex:270: LaTeX Error: Unicode character б і (U+1833)
               not set up for use with LaTeX.

See the LaTeX manual or LaTeX Companion for explanation.
Type  H <return>  for immediate help.
 ...                                              
                                                  
l.270 ...«, б ¬, б ­, б ®, б Ї, б °, б ±, б І, б і
                                                  , б ґ, б µ, б ¶, б ·, б ё,...
You may provide a definition with
\DeclareUnicodeCharacter 


Chapters/Chapter4.tex:270: LaTeX Error: Unicode character б ґ (U+1834)
               not set up for use with LaTeX.

See the LaTeX manual or LaTeX Companion for explanation.
Type  H <return>  for immediate help.
 ...                                              
                                                  
l.270 ...¬, б ­, б ®, б Ї, б °, б ±, б І, б і, б ґ
                                                  , б µ, б ¶, б ·, б ё, б №,...
You may provide a definition with
\DeclareUnicodeCharacter 


Chapters/Chapter4.tex:270: LaTeX Error: Unicode character б µ (U+1835)
               not set up for use with LaTeX.

See the LaTeX manual or LaTeX Companion for explanation.
Type  H <return>  for immediate help.
 ...                                              
                                                  
l.270 ...­, б ®, б Ї, б °, б ±, б І, б і, б ґ, б µ
                                                  , б ¶, б ·, б ё, б №, б є,...
You may provide a definition with
\DeclareUnicodeCharacter 


Chapters/Chapter4.tex:270: LaTeX Error: Unicode character б ¶ (U+1836)
               not set up for use with LaTeX.

See the LaTeX manual or LaTeX Companion for explanation.
Type  H <return>  for immediate help.
 ...                                              
                                                  
l.270 ...®, б Ї, б °, б ±, б І, б і, б ґ, б µ, б ¶
                                                  , б ·, б ё, б №, б є, б »,...
You may provide a definition with
\DeclareUnicodeCharacter 


Chapters/Chapter4.tex:270: LaTeX Error: Unicode character б · (U+1837)
               not set up for use with LaTeX.

See the LaTeX manual or LaTeX Companion for explanation.
Type  H <return>  for immediate help.
 ...                                              
                                                  
l.270 ...Ї, б °, б ±, б І, б і, б ґ, б µ, б ¶, б ·
                                                  , б ё, б №, б є, б », б ј,...
You may provide a definition with
\DeclareUnicodeCharacter 


Chapters/Chapter4.tex:270: LaTeX Error: Unicode character б ё (U+1838)
               not set up for use with LaTeX.

See the LaTeX manual or LaTeX Companion for explanation.
Type  H <return>  for immediate help.
 ...                                              
                                                  
l.270 ...°, б ±, б І, б і, б ґ, б µ, б ¶, б ·, б ё
                                                  , б №, б є, б », б ј, б Ѕ,...
You may provide a definition with
\DeclareUnicodeCharacter 


Chapters/Chapter4.tex:270: LaTeX Error: Unicode character б № (U+1839)
               not set up for use with LaTeX.

See the LaTeX manual or LaTeX Companion for explanation.
Type  H <return>  for immediate help.
 ...                                              
                                                  
l.270 ...±, б І, б і, б ґ, б µ, б ¶, б ·, б ё, б №
                                                  , б є, б », б ј, б Ѕ, б ѕ,...
You may provide a definition with
\DeclareUnicodeCharacter 


Chapters/Chapter4.tex:270: LaTeX Error: Unicode character б є (U+183A)
               not set up for use with LaTeX.

See the LaTeX manual or LaTeX Companion for explanation.
Type  H <return>  for immediate help.
 ...                                              
                                                  
l.270 ...І, б і, б ґ, б µ, б ¶, б ·, б ё, б №, б є
                                                  , б », б ј, б Ѕ, б ѕ, б ї ...
You may provide a definition with
\DeclareUnicodeCharacter 


Chapters/Chapter4.tex:270: LaTeX Error: Unicode character б » (U+183B)
               not set up for use with LaTeX.

See the LaTeX manual or LaTeX Companion for explanation.
Type  H <return>  for immediate help.
 ...                                              
                                                  
l.270 ...і, б ґ, б µ, б ¶, б ·, б ё, б №, б є, б »
                                                  , б ј, б Ѕ, б ѕ, б ї Р±РѕР...
You may provide a definition with
\DeclareUnicodeCharacter 


Chapters/Chapter4.tex:270: LaTeX Error: Unicode character б ј (U+183C)
               not set up for use with LaTeX.

See the LaTeX manual or LaTeX Companion for explanation.
Type  H <return>  for immediate help.
 ...                                              
                                                  
l.270 ...ґ, б µ, б ¶, б ·, б ё, б №, б є, б », б ј
                                                  , б Ѕ, б ѕ, б ї Р±РѕР»РѕРЅ...
You may provide a definition with
\DeclareUnicodeCharacter 


Chapters/Chapter4.tex:270: LaTeX Error: Unicode character б Ѕ (U+183D)
               not set up for use with LaTeX.

See the LaTeX manual or LaTeX Companion for explanation.
Type  H <return>  for immediate help.
 ...                                              
                                                  
l.270 ...µ, б ¶, б ·, б ё, б №, б є, б », б ј, б Ѕ
                                                  , б ѕ, б ї Р±РѕР»РѕРЅ Р±Сѓ...
You may provide a definition with
\DeclareUnicodeCharacter 


Chapters/Chapter4.tex:270: LaTeX Error: Unicode character б ѕ (U+183E)
               not set up for use with LaTeX.

See the LaTeX manual or LaTeX Companion for explanation.
Type  H <return>  for immediate help.
 ...                                              
                                                  
l.270 ...¶, б ·, б ё, б №, б є, б », б ј, б Ѕ, б ѕ
                                                  , б ї Р±РѕР»РѕРЅ Р±СѓСЃР°Рґ
You may provide a definition with
\DeclareUnicodeCharacter 


Chapters/Chapter4.tex:270: LaTeX Error: Unicode character б ї (U+183F)
               not set up for use with LaTeX.

See the LaTeX manual or LaTeX Companion for explanation.
Type  H <return>  for immediate help.
 ...                                              
                                                  
l.270 ...·, б ё, б №, б є, б », б ј, б Ѕ, б ѕ, б ї
                                                   Р±РѕР»РѕРЅ Р±СѓСЃР°Рґ
You may provide a definition with
\DeclareUnicodeCharacter 

Chapters/Chapter4.tex:282: Undefined control sequence.
<argument> ...rtpbox {\@nextchar }\insert@pcolumn 
                                                  \@endpbox \do@row@strut \o...
l.282 \begin{tabular}{|l|l|p{5cm}|}
                                   
The control sequence at the end of the top line
of your error message was never \def'ed. If you have
misspelled it (e.g., `\hobx'), type `I' and the correct
spelling (e.g., `I\hbox'). Otherwise just continue,
and I'll forget about whatever was undefined.

Chapters/Chapter4.tex:282: Missing # inserted in alignment preamble.
<to be read again> 
                   \cr 
l.282 \begin{tabular}{|l|l|p{5cm}|}
                                   
There should be exactly one # between &'s, when an
\halign or \valign is being set up. In this case you had
none, so I've put one in; maybe that will work.


Overfull \hbox (70.66977pt too wide) in paragraph at lines 282--299
 [][] 
 []

[31] [32] [33]
Overfull \hbox (1.84154pt too wide) in paragraph at lines 358--359
\T2A/cmr/m/n/12 мотивацийн Streak track-ing болон орчин іеийн UI компонентууд зэрэг архитектурын індсэн
 []


Overfull \hbox (25.55878pt too wide) in paragraph at lines 358--359
\T2A/cmr/m/n/12 элементіідийн програмын кодыг танилцуулан задлан шинжиллээ. М°н програмын найдвартай
 []


Overfull \hbox (9.75055pt too wide) in paragraph at lines 364--365
[]\T2A/cmr/m/n/12 Танин мэдэхійд суурилсан SuperMemo-2 spaced rep-e-ti-tion (зайтай давталт) алгоритмыг
 []


Overfull \hbox (5.36832pt too wide) in paragraph at lines 365--366
[]\T2A/cmr/m/n/12 Хэрэглэгч т°втэй, харилцан ійлчлэл °нд°ртэй орчин іеийн UI компонентуудыг зохион
 []


Overfull \hbox (39.70566pt too wide) in paragraph at lines 366--367
[]\T2A/cmr/m/n/12 Програм хангамжийн инженерингийн арга зійн дагуу тестийн процессуудыг автоматжуулан
 []

) [34]
\openout2 = `Chapters/Chapter5.aux'.

 (Chapters/Chapter5.tex
Chapters/Chapter5.tex:23: Undefined control sequence.
<argument> ...rtpbox {\@nextchar }\insert@pcolumn 
                                                  \@endpbox \do@row@strut \o...
l.23 \begin{tabular}{|l|l|p{6cm}|}
                                  
The control sequence at the end of the top line
of your error message was never \def'ed. If you have
misspelled it (e.g., `\hobx'), type `I' and the correct
spelling (e.g., `I\hbox'). Otherwise just continue,
and I'll forget about whatever was undefined.

Chapters/Chapter5.tex:23: Missing # inserted in alignment preamble.
<to be read again> 
                   \cr 
l.23 \begin{tabular}{|l|l|p{6cm}|}
                                  
There should be exactly one # between &'s, when an
\halign or \valign is being set up. In this case you had
none, so I've put one in; maybe that will work.


Overfull \hbox (119.67552pt too wide) in paragraph at lines 23--42
 [][] 
 []


Overfull \hbox (26.99628pt too wide) in paragraph at lines 47--48
[]\T2A/cmr/bx/n/12 Хэрэглэгчийн удирдлага: \T2A/cmr/m/n/12 Email/-Pass-word, Google Sign-In баталгаажуулалт амжилттай
 []


Overfull \hbox (13.12592pt too wide) in paragraph at lines 57--58
[]\T2A/cmr/bx/n/12 Streak track-ing: \T2A/cmr/m/n/12 Дараалсан суралцсан °дріідийг тооцоолж, мотивацийг нэмэгдіілдэг 
 []


Overfull \hbox (20.67403pt too wide) in paragraph at lines 59--60
[]\T2A/cmr/bx/n/12 OCR таних: \T2A/cmr/m/n/12 Ten-sor-Flow.js ашиглан Монгол бичгийн індсэн ісгіідийг таних боломжтой
 []

[35



]
Overfull \hbox (26.38528pt too wide) in paragraph at lines 110--111
\T2A/cmr/m/n/12 Системийн хэрэглэгдэхійц байдал (Us-abil-ity) болон сургалтын ір °г°°жийг бодитоор інэлэхийн
 []


Overfull \hbox (12.83673pt too wide) in paragraph at lines 110--111
\T2A/cmr/m/n/12 10 мэргэжилтэн) хамруулсан эмпирик туршилтыг зохион байгууллаа. Туршилтын процессыг
 []


Overfull \hbox (8.15488pt too wide) in paragraph at lines 113--114
[]\T2A/cmr/bx/n/12 Бэлтгэл іе шат: \T2A/cmr/m/n/12 Аппликейшныг туршилтын т°х°°р°мжіідэд суулгаж, хэрэглэгчийн
 []


Overfull \hbox (8.57985pt too wide) in paragraph at lines 114--115
\T2A/cmr/m/n/12 ti-tion алгоритмын дагуу суралцуулах, тодорхой категориос іг хайх, дуртай жагсаалтад
 []


Overfull \hbox (30.17744pt too wide) in paragraph at lines 115--116
\T2A/cmr/m/n/12 Монгол бичгийн гар бичвэр таниулах болон профайлын тохиргоог (хэл, theme) °°рчліілэх. 
 []

[36]
Overfull \hbox (36.01671pt too wide) in paragraph at lines 173--174
 []\T2A/cmr/bx/n/12 “ндсэн зорилго:[] \T2A/cmr/m/it/12 "Монгол бичгийг орчин іеийн технологийн тусламжтайгаар сонирхолтой,
 []

Chapters/Chapter5.tex:183: Undefined control sequence.
<argument> ...rtpbox {\@nextchar }\insert@pcolumn 
                                                  \@endpbox \do@row@strut \o...
l.183 \begin{tabular}{|l|p{8cm}|c|}
                                   
The control sequence at the end of the top line
of your error message was never \def'ed. If you have
misspelled it (e.g., `\hobx'), type `I' and the correct
spelling (e.g., `I\hbox'). Otherwise just continue,
and I'll forget about whatever was undefined.

Chapters/Chapter5.tex:183: Missing # inserted in alignment preamble.
<to be read again> 
                   &
l.183 \begin{tabular}{|l|p{8cm}|c|}
                                   
There should be exactly one # between &'s, when an
\halign or \valign is being set up. In this case you had
none, so I've put one in; maybe that will work.


Overfull \hbox (53.98624pt too wide) in paragraph at lines 183--196
 [][] 
 []

[37]
Overfull \hbox (23.56653pt too wide) in paragraph at lines 208--209
[]\T2A/cmr/bx/n/12 Spaced Rep-e-ti-tion + Gam-i-fi-ca-tion: \T2A/cmr/m/n/12 SM-2 алгоритм болон streak tracking-ийг хослуулж,
 []


Overfull \hbox (13.87593pt too wide) in paragraph at lines 221--222
[]\T2A/cmr/bx/n/12 OCR-ийн нарийвчлал: \T2A/cmr/m/n/12 Ten-sor-Flow.js загварын нарийвчлал 85% байгаа нь хангалттай
 []


Overfull \hbox (31.17812pt too wide) in paragraph at lines 221--222
\T2A/cmr/m/n/12 боловч сайжруулах шаардлагатай. Иліі том dataset болон иліі сайн загвар шаардлагатай. 
 []


Overfull \hbox (8.81964pt too wide) in paragraph at lines 225--226
[]\T2A/cmr/bx/n/12 Аудио дэмжлэг: \T2A/cmr/m/n/12 “сгийн дуудлагын аудио одоогоор байхгій. Энэ нь сонсох чадварыг
 []

[38] [39]
Overfull \hbox (11.64026pt too wide) in paragraph at lines 344--345
\T2A/cmr/m/n/12 Энэхіі т°гс°лтийн судалгааны ажлын шинжлэх ухаан болон практик хэрэгцээнд тулгуурлан
 []


Overfull \hbox (3.53679pt too wide) in paragraph at lines 344--345
\T2A/cmr/m/n/12 хийж гійцэтгэлээ. Судалгаа болон х°гжіілэлтийн ійл явцаас дараах нэгдсэн дігнэлтіідэд
 []


Overfull \hbox (5.7084pt too wide) in paragraph at lines 347--348
\T2A/cmr/m/n/12 бірэн хангагдаж, танин мэдэхійн орчин іеийн арга зійд (Spaced rep-e-ti-tion) суурилсан,
 []


Overfull \hbox (27.70149pt too wide) in paragraph at lines 349--350
\T2A/cmr/m/n/12 байдлыг эрс нэмэгдіілээд зогсохгій, серверийн зардлыг (Server-less ar-chi-tec-ture) бууруулах
 []

[40]
Overfull \hbox (1.12213pt too wide) in paragraph at lines 351--352
\T2A/cmr/m/n/12 авсан ба ялангуяа хэрэглэгч т°втэй UI/UX дизайн, хіртээмжтэй байдал нь системийн
 []


Overfull \hbox (11.95436pt too wide) in paragraph at lines 355--356
\T2A/cmr/m/n/12 (Edge AI) аргачлалаар Монгол бичгийн гар бичмэлийг таних OCR системийг сургалтын
 []

) [41]
\openout2 = `Appendices/AppendixA.aux'.

 (Appendices/AppendixA.tex
Appendices/AppendixA.tex:12: Undefined control sequence.
<argument> ...rtpbox {\@nextchar }\insert@pcolumn 
                                                  \@endpbox \do@row@strut \o...
l.12 \begin{longtable}{|l|l|l|p{4cm}|l|}
                                        
The control sequence at the end of the top line
of your error message was never \def'ed. If you have
misspelled it (e.g., `\hobx'), type `I' and the correct
spelling (e.g., `I\hbox'). Otherwise just continue,
and I'll forget about whatever was undefined.

Appendices/AppendixA.tex:12: Missing # inserted in alignment preamble.
<to be read again> 
                   &
l.12 \begin{longtable}{|l|l|l|p{4cm}|l|}
                                        
There should be exactly one # between &'s, when an
\halign or \valign is being set up. In this case you had
none, so I've put one in; maybe that will work.

Appendices/AppendixA.tex:15: Undefined control sequence.
\LT@@hline ... \tag_mc_end: \tbl_gdecr_row_count: 
                                                  }\cr \CT@LT@sep \multispan...
l.15 \textbf
            {ID} & \textbf{РњРѕРЅРіРѕР» Р±РёС‡РёРі} & \textbf{Р¤РѕРЅРµС‚РёРє...
The control sequence at the end of the top line
of your error message was never \def'ed. If you have
misspelled it (e.g., `\hobx'), type `I' and the correct
spelling (e.g., `I\hbox'). Otherwise just continue,
and I'll forget about whatever was undefined.

Appendices/AppendixA.tex:15: Undefined control sequence.
\LT@@hline ... \tag_mc_end: \tbl_gdecr_row_count: 
                                                  }\cr \noalign {\penalty \@...
l.15 \textbf
            {ID} & \textbf{РњРѕРЅРіРѕР» Р±РёС‡РёРі} & \textbf{Р¤РѕРЅРµС‚РёРє...
The control sequence at the end of the top line
of your error message was never \def'ed. If you have
misspelled it (e.g., `\hobx'), type `I' and the correct
spelling (e.g., `I\hbox'). Otherwise just continue,
and I'll forget about whatever was undefined.

Appendices/AppendixA.tex:17: Undefined control sequence.
\LT@@hline ... \tag_mc_end: \tbl_gdecr_row_count: 
                                                  }\cr \CT@LT@sep \multispan...
l.17 \endfirsthead
                  
The control sequence at the end of the top line
of your error message was never \def'ed. If you have
misspelled it (e.g., `\hobx'), type `I' and the correct
spelling (e.g., `I\hbox'). Otherwise just continue,
and I'll forget about whatever was undefined.

Appendices/AppendixA.tex:17: Undefined control sequence.
\LT@@hline ... \tag_mc_end: \tbl_gdecr_row_count: 
                                                  }\cr \noalign {\penalty \@...
l.17 \endfirsthead
                  
The control sequence at the end of the top line
of your error message was never \def'ed. If you have
misspelled it (e.g., `\hobx'), type `I' and the correct
spelling (e.g., `I\hbox'). Otherwise just continue,
and I'll forget about whatever was undefined.


Overfull \hbox (6.118pt too wide) in alignment at lines 12--17
 [] [] [] [] [] 
 []

Appendices/AppendixA.tex:17: Missing # inserted in alignment preamble.
<to be read again> 
                   &
l.17 \endfirsthead
                  
There should be exactly one # between &'s, when an
\halign or \valign is being set up. In this case you had
none, so I've put one in; maybe that will work.

Appendices/AppendixA.tex:22: Undefined control sequence.
\LT@@hline ... \tag_mc_end: \tbl_gdecr_row_count: 
                                                  }\cr \CT@LT@sep \multispan...
l.22 \textbf
            {ID} & \textbf{РњРѕРЅРіРѕР» Р±РёС‡РёРі} & \textbf{Р¤РѕРЅРµС‚РёРє...
The control sequence at the end of the top line
of your error message was never \def'ed. If you have
misspelled it (e.g., `\hobx'), type `I' and the correct
spelling (e.g., `I\hbox'). Otherwise just continue,
and I'll forget about whatever was undefined.

Appendices/AppendixA.tex:22: Undefined control sequence.
\LT@@hline ... \tag_mc_end: \tbl_gdecr_row_count: 
                                                  }\cr \noalign {\penalty \@...
l.22 \textbf
            {ID} & \textbf{РњРѕРЅРіРѕР» Р±РёС‡РёРі} & \textbf{Р¤РѕРЅРµС‚РёРє...
The control sequence at the end of the top line
of your error message was never \def'ed. If you have
misspelled it (e.g., `\hobx'), type `I' and the correct
spelling (e.g., `I\hbox'). Otherwise just continue,
and I'll forget about whatever was undefined.

Appendices/AppendixA.tex:24: Undefined control sequence.
\LT@@hline ... \tag_mc_end: \tbl_gdecr_row_count: 
                                                  }\cr \CT@LT@sep \multispan...
l.24 \endhead
             
The control sequence at the end of the top line
of your error message was never \def'ed. If you have
misspelled it (e.g., `\hobx'), type `I' and the correct
spelling (e.g., `I\hbox'). Otherwise just continue,
and I'll forget about whatever was undefined.

Appendices/AppendixA.tex:24: Undefined control sequence.
\LT@@hline ... \tag_mc_end: \tbl_gdecr_row_count: 
                                                  }\cr \noalign {\penalty \@...
l.24 \endhead
             
The control sequence at the end of the top line
of your error message was never \def'ed. If you have
misspelled it (e.g., `\hobx'), type `I' and the correct
spelling (e.g., `I\hbox'). Otherwise just continue,
and I'll forget about whatever was undefined.


Overfull \hbox (6.118pt too wide) in alignment at lines 17--24
 [] [] [] [] [] 
 []

Appendices/AppendixA.tex:24: Missing # inserted in alignment preamble.
<to be read again> 
                   &
l.24 \endhead
             
There should be exactly one # between &'s, when an
\halign or \valign is being set up. In this case you had
none, so I've put one in; maybe that will work.

Appendices/AppendixA.tex:27: Undefined control sequence.
\LT@@hline ... \tag_mc_end: \tbl_gdecr_row_count: 
                                                  }\cr \CT@LT@sep \multispan...
l.27 \endfoot
             
The control sequence at the end of the top line
of your error message was never \def'ed. If you have
misspelled it (e.g., `\hobx'), type `I' and the correct
spelling (e.g., `I\hbox'). Otherwise just continue,
and I'll forget about whatever was undefined.

Appendices/AppendixA.tex:27: Undefined control sequence.
\LT@@hline ... \tag_mc_end: \tbl_gdecr_row_count: 
                                                  }\cr \noalign {\penalty \@...
l.27 \endfoot
             
The control sequence at the end of the top line
of your error message was never \def'ed. If you have
misspelled it (e.g., `\hobx'), type `I' and the correct
spelling (e.g., `I\hbox'). Otherwise just continue,
and I'll forget about whatever was undefined.


Overfull \hbox (6.118pt too wide) in alignment at lines 24--27
 [] [] [] [] [] 
 []

Appendices/AppendixA.tex:27: Missing # inserted in alignment preamble.
<to be read again> 
                   &
l.27 \endfoot
             
There should be exactly one # between &'s, when an
\halign or \valign is being set up. In this case you had
none, so I've put one in; maybe that will work.


Appendices/AppendixA.tex:29: LaTeX Error: Unicode character б   (U+1820)
               not set up for use with LaTeX.

See the LaTeX manual or LaTeX Companion for explanation.
Type  H <return>  for immediate help.
 ...                                              
                                                  
l.29 001 & б  
               & a & a (vowel) & vowels \\
You may provide a definition with
\DeclareUnicodeCharacter 

Appendices/AppendixA.tex:31: Undefined control sequence.
\LT@@hline ... \tag_mc_end: \tbl_gdecr_row_count: 
                                                  }\cr \CT@LT@sep \multispan...
l.31 0
      02 & б Ў & e & e (vowel) & vowels \\
The control sequence at the end of the top line
of your error message was never \def'ed. If you have
misspelled it (e.g., `\hobx'), type `I' and the correct
spelling (e.g., `I\hbox'). Otherwise just continue,
and I'll forget about whatever was undefined.

Appendices/AppendixA.tex:31: Undefined control sequence.
\LT@@hline ... \tag_mc_end: \tbl_gdecr_row_count: 
                                                  }\cr \noalign {\penalty \@...
l.31 0
      02 & б Ў & e & e (vowel) & vowels \\
The control sequence at the end of the top line
of your error message was never \def'ed. If you have
misspelled it (e.g., `\hobx'), type `I' and the correct
spelling (e.g., `I\hbox'). Otherwise just continue,
and I'll forget about whatever was undefined.


Appendices/AppendixA.tex:31: LaTeX Error: Unicode character б Ў (U+1821)
               not set up for use with LaTeX.

See the LaTeX manual or LaTeX Companion for explanation.
Type  H <return>  for immediate help.
 ...                                              
                                                  
l.31 002 & б Ў
               & e & e (vowel) & vowels \\
You may provide a definition with
\DeclareUnicodeCharacter 

Appendices/AppendixA.tex:33: Undefined control sequence.
\LT@@hline ... \tag_mc_end: \tbl_gdecr_row_count: 
                                                  }\cr \CT@LT@sep \multispan...
l.33 0
      03 & б ў & i & i (vowel) & vowels \\
The control sequence at the end of the top line
of your error message was never \def'ed. If you have
misspelled it (e.g., `\hobx'), type `I' and the correct
spelling (e.g., `I\hbox'). Otherwise just continue,
and I'll forget about whatever was undefined.

Appendices/AppendixA.tex:33: Undefined control sequence.
\LT@@hline ... \tag_mc_end: \tbl_gdecr_row_count: 
                                                  }\cr \noalign {\penalty \@...
l.33 0
      03 & б ў & i & i (vowel) & vowels \\
The control sequence at the end of the top line
of your error message was never \def'ed. If you have
misspelled it (e.g., `\hobx'), type `I' and the correct
spelling (e.g., `I\hbox'). Otherwise just continue,
and I'll forget about whatever was undefined.


Appendices/AppendixA.tex:33: LaTeX Error: Unicode character б ў (U+1822)
               not set up for use with LaTeX.

See the LaTeX manual or LaTeX Companion for explanation.
Type  H <return>  for immediate help.
 ...                                              
                                                  
l.33 003 & б ў
               & i & i (vowel) & vowels \\
You may provide a definition with
\DeclareUnicodeCharacter 

Appendices/AppendixA.tex:35: Undefined control sequence.
\LT@@hline ... \tag_mc_end: \tbl_gdecr_row_count: 
                                                  }\cr \CT@LT@sep \multispan...
l.35 0
      04 & б Ј & o & o (vowel) & vowels \\
The control sequence at the end of the top line
of your error message was never \def'ed. If you have
misspelled it (e.g., `\hobx'), type `I' and the correct
spelling (e.g., `I\hbox'). Otherwise just continue,
and I'll forget about whatever was undefined.

Appendices/AppendixA.tex:35: Undefined control sequence.
\LT@@hline ... \tag_mc_end: \tbl_gdecr_row_count: 
                                                  }\cr \noalign {\penalty \@...
l.35 0
      04 & б Ј & o & o (vowel) & vowels \\
The control sequence at the end of the top line
of your error message was never \def'ed. If you have
misspelled it (e.g., `\hobx'), type `I' and the correct
spelling (e.g., `I\hbox'). Otherwise just continue,
and I'll forget about whatever was undefined.


Appendices/AppendixA.tex:35: LaTeX Error: Unicode character б Ј (U+1823)
               not set up for use with LaTeX.

See the LaTeX manual or LaTeX Companion for explanation.
Type  H <return>  for immediate help.
 ...                                              
                                                  
l.35 004 & б Ј
               & o & o (vowel) & vowels \\
You may provide a definition with
\DeclareUnicodeCharacter 

Appendices/AppendixA.tex:37: Undefined control sequence.
\LT@@hline ... \tag_mc_end: \tbl_gdecr_row_count: 
                                                  }\cr \CT@LT@sep \multispan...
l.37 0
      05 & б ¤ & u & u (vowel) & vowels \\
The control sequence at the end of the top line
of your error message was never \def'ed. If you have
misspelled it (e.g., `\hobx'), type `I' and the correct
spelling (e.g., `I\hbox'). Otherwise just continue,
and I'll forget about whatever was undefined.

Appendices/AppendixA.tex:37: Undefined control sequence.
\LT@@hline ... \tag_mc_end: \tbl_gdecr_row_count: 
                                                  }\cr \noalign {\penalty \@...
l.37 0
      05 & б ¤ & u & u (vowel) & vowels \\
The control sequence at the end of the top line
of your error message was never \def'ed. If you have
misspelled it (e.g., `\hobx'), type `I' and the correct
spelling (e.g., `I\hbox'). Otherwise just continue,
and I'll forget about whatever was undefined.


Appendices/AppendixA.tex:37: LaTeX Error: Unicode character б ¤ (U+1824)
               not set up for use with LaTeX.

See the LaTeX manual or LaTeX Companion for explanation.
Type  H <return>  for immediate help.
 ...                                              
                                                  
l.37 005 & б ¤
               & u & u (vowel) & vowels \\
You may provide a definition with
\DeclareUnicodeCharacter 

Appendices/AppendixA.tex:39: Undefined control sequence.
\LT@@hline ... \tag_mc_end: \tbl_gdecr_row_count: 
                                                  }\cr \CT@LT@sep \multispan...
l.39 0
      06 & б Ґ & Г¶ & Г¶ (vowel) & vowels \\
The control sequence at the end of the top line
of your error message was never \def'ed. If you have
misspelled it (e.g., `\hobx'), type `I' and the correct
spelling (e.g., `I\hbox'). Otherwise just continue,
and I'll forget about whatever was undefined.

Appendices/AppendixA.tex:39: Undefined control sequence.
\LT@@hline ... \tag_mc_end: \tbl_gdecr_row_count: 
                                                  }\cr \noalign {\penalty \@...
l.39 0
      06 & б Ґ & Г¶ & Г¶ (vowel) & vowels \\
The control sequence at the end of the top line
of your error message was never \def'ed. If you have
misspelled it (e.g., `\hobx'), type `I' and the correct
spelling (e.g., `I\hbox'). Otherwise just continue,
and I'll forget about whatever was undefined.


Appendices/AppendixA.tex:39: LaTeX Error: Unicode character б Ґ (U+1825)
               not set up for use with LaTeX.

See the LaTeX manual or LaTeX Companion for explanation.
Type  H <return>  for immediate help.
 ...                                              
                                                  
l.39 006 & б Ґ
               & Г¶ & Г¶ (vowel) & vowels \\
You may provide a definition with
\DeclareUnicodeCharacter 

Appendices/AppendixA.tex:41: Undefined control sequence.
\LT@@hline ... \tag_mc_end: \tbl_gdecr_row_count: 
                                                  }\cr \CT@LT@sep \multispan...
l.41 0
      07 & б ¦ & Гј & Гј (vowel) & vowels \\
The control sequence at the end of the top line
of your error message was never \def'ed. If you have
misspelled it (e.g., `\hobx'), type `I' and the correct
spelling (e.g., `I\hbox'). Otherwise just continue,
and I'll forget about whatever was undefined.

Appendices/AppendixA.tex:41: Undefined control sequence.
\LT@@hline ... \tag_mc_end: \tbl_gdecr_row_count: 
                                                  }\cr \noalign {\penalty \@...
l.41 0
      07 & б ¦ & Гј & Гј (vowel) & vowels \\
The control sequence at the end of the top line
of your error message was never \def'ed. If you have
misspelled it (e.g., `\hobx'), type `I' and the correct
spelling (e.g., `I\hbox'). Otherwise just continue,
and I'll forget about whatever was undefined.


Appendices/AppendixA.tex:41: LaTeX Error: Unicode character б ¦ (U+1826)
               not set up for use with LaTeX.

See the LaTeX manual or LaTeX Companion for explanation.
Type  H <return>  for immediate help.
 ...                                              
                                                  
l.41 007 & б ¦
               & Гј & Гј (vowel) & vowels \\
You may provide a definition with
\DeclareUnicodeCharacter 

Appendices/AppendixA.tex:43: Undefined control sequence.
\LT@@hline ... \tag_mc_end: \tbl_gdecr_row_count: 
                                                  }\cr \CT@LT@sep \multispan...
l.43 0
      08 & б Є & b & b (consonant) & consonants \\
The control sequence at the end of the top line
of your error message was never \def'ed. If you have
misspelled it (e.g., `\hobx'), type `I' and the correct
spelling (e.g., `I\hbox'). Otherwise just continue,
and I'll forget about whatever was undefined.

Appendices/AppendixA.tex:43: Undefined control sequence.
\LT@@hline ... \tag_mc_end: \tbl_gdecr_row_count: 
                                                  }\cr \noalign {\penalty \@...
l.43 0
      08 & б Є & b & b (consonant) & consonants \\
The control sequence at the end of the top line
of your error message was never \def'ed. If you have
misspelled it (e.g., `\hobx'), type `I' and the correct
spelling (e.g., `I\hbox'). Otherwise just continue,
and I'll forget about whatever was undefined.


Appendices/AppendixA.tex:43: LaTeX Error: Unicode character б Є (U+182A)
               not set up for use with LaTeX.

See the LaTeX manual or LaTeX Companion for explanation.
Type  H <return>  for immediate help.
 ...                                              
                                                  
l.43 008 & б Є
               & b & b (consonant) & consonants \\
You may provide a definition with
\DeclareUnicodeCharacter 

Appendices/AppendixA.tex:45: Undefined control sequence.
\LT@@hline ... \tag_mc_end: \tbl_gdecr_row_count: 
                                                  }\cr \CT@LT@sep \multispan...
l.45 0
      09 & б ґ & ch & ch (consonant) & consonants \\
The control sequence at the end of the top line
of your error message was never \def'ed. If you have
misspelled it (e.g., `\hobx'), type `I' and the correct
spelling (e.g., `I\hbox'). Otherwise just continue,
and I'll forget about whatever was undefined.

Appendices/AppendixA.tex:45: Undefined control sequence.
\LT@@hline ... \tag_mc_end: \tbl_gdecr_row_count: 
                                                  }\cr \noalign {\penalty \@...
l.45 0
      09 & б ґ & ch & ch (consonant) & consonants \\
The control sequence at the end of the top line
of your error message was never \def'ed. If you have
misspelled it (e.g., `\hobx'), type `I' and the correct
spelling (e.g., `I\hbox'). Otherwise just continue,
and I'll forget about whatever was undefined.


Appendices/AppendixA.tex:45: LaTeX Error: Unicode character б ґ (U+1834)
               not set up for use with LaTeX.

See the LaTeX manual or LaTeX Companion for explanation.
Type  H <return>  for immediate help.
 ...                                              
                                                  
l.45 009 & б ґ
               & ch & ch (consonant) & consonants \\
You may provide a definition with
\DeclareUnicodeCharacter 

Appendices/AppendixA.tex:47: Undefined control sequence.
\LT@@hline ... \tag_mc_end: \tbl_gdecr_row_count: 
                                                  }\cr \CT@LT@sep \multispan...
l.47 0
      10 & б і & d & d (consonant) & consonants \\
The control sequence at the end of the top line
of your error message was never \def'ed. If you have
misspelled it (e.g., `\hobx'), type `I' and the correct
spelling (e.g., `I\hbox'). Otherwise just continue,
and I'll forget about whatever was undefined.

Appendices/AppendixA.tex:47: Undefined control sequence.
\LT@@hline ... \tag_mc_end: \tbl_gdecr_row_count: 
                                                  }\cr \noalign {\penalty \@...
l.47 0
      10 & б і & d & d (consonant) & consonants \\
The control sequence at the end of the top line
of your error message was never \def'ed. If you have
misspelled it (e.g., `\hobx'), type `I' and the correct
spelling (e.g., `I\hbox'). Otherwise just continue,
and I'll forget about whatever was undefined.


Appendices/AppendixA.tex:47: LaTeX Error: Unicode character б і (U+1833)
               not set up for use with LaTeX.

See the LaTeX manual or LaTeX Companion for explanation.
Type  H <return>  for immediate help.
 ...                                              
                                                  
l.47 010 & б і
               & d & d (consonant) & consonants \\
You may provide a definition with
\DeclareUnicodeCharacter 

Appendices/AppendixA.tex:49: Undefined control sequence.
\LT@@hline ... \tag_mc_end: \tbl_gdecr_row_count: 
                                                  }\cr \CT@LT@sep \multispan...
l.49 0
      11 & б ­ & g & g (consonant) & consonants \\
The control sequence at the end of the top line
of your error message was never \def'ed. If you have
misspelled it (e.g., `\hobx'), type `I' and the correct
spelling (e.g., `I\hbox'). Otherwise just continue,
and I'll forget about whatever was undefined.

Appendices/AppendixA.tex:49: Undefined control sequence.
\LT@@hline ... \tag_mc_end: \tbl_gdecr_row_count: 
                                                  }\cr \noalign {\penalty \@...
l.49 0
      11 & б ­ & g & g (consonant) & consonants \\
The control sequence at the end of the top line
of your error message was never \def'ed. If you have
misspelled it (e.g., `\hobx'), type `I' and the correct
spelling (e.g., `I\hbox'). Otherwise just continue,
and I'll forget about whatever was undefined.


Appendices/AppendixA.tex:49: LaTeX Error: Unicode character б ­ (U+182D)
               not set up for use with LaTeX.

See the LaTeX manual or LaTeX Companion for explanation.
Type  H <return>  for immediate help.
 ...                                              
                                                  
l.49 011 & б ­
               & g & g (consonant) & consonants \\
You may provide a definition with
\DeclareUnicodeCharacter 

Appendices/AppendixA.tex:51: Undefined control sequence.
\LT@@hline ... \tag_mc_end: \tbl_gdecr_row_count: 
                                                  }\cr \CT@LT@sep \multispan...
l.51 0
      12 & б ¬ & kh & kh (consonant) & consonants \\
The control sequence at the end of the top line
of your error message was never \def'ed. If you have
misspelled it (e.g., `\hobx'), type `I' and the correct
spelling (e.g., `I\hbox'). Otherwise just continue,
and I'll forget about whatever was undefined.

Appendices/AppendixA.tex:51: Undefined control sequence.
\LT@@hline ... \tag_mc_end: \tbl_gdecr_row_count: 
                                                  }\cr \noalign {\penalty \@...
l.51 0
      12 & б ¬ & kh & kh (consonant) & consonants \\
The control sequence at the end of the top line
of your error message was never \def'ed. If you have
misspelled it (e.g., `\hobx'), type `I' and the correct
spelling (e.g., `I\hbox'). Otherwise just continue,
and I'll forget about whatever was undefined.


Appendices/AppendixA.tex:51: LaTeX Error: Unicode character б ¬ (U+182C)
               not set up for use with LaTeX.

See the LaTeX manual or LaTeX Companion for explanation.
Type  H <return>  for immediate help.
 ...                                              
                                                  
l.51 012 & б ¬
               & kh & kh (consonant) & consonants \\
You may provide a definition with
\DeclareUnicodeCharacter 

Appendices/AppendixA.tex:53: Undefined control sequence.
\LT@@hline ... \tag_mc_end: \tbl_gdecr_row_count: 
                                                  }\cr \CT@LT@sep \multispan...
l.53 0
      13 & б Ї & l & l (consonant) & consonants \\
The control sequence at the end of the top line
of your error message was never \def'ed. If you have
misspelled it (e.g., `\hobx'), type `I' and the correct
spelling (e.g., `I\hbox'). Otherwise just continue,
and I'll forget about whatever was undefined.

Appendices/AppendixA.tex:53: Undefined control sequence.
\LT@@hline ... \tag_mc_end: \tbl_gdecr_row_count: 
                                                  }\cr \noalign {\penalty \@...
l.53 0
      13 & б Ї & l & l (consonant) & consonants \\
The control sequence at the end of the top line
of your error message was never \def'ed. If you have
misspelled it (e.g., `\hobx'), type `I' and the correct
spelling (e.g., `I\hbox'). Otherwise just continue,
and I'll forget about whatever was undefined.


Appendices/AppendixA.tex:53: LaTeX Error: Unicode character б Ї (U+182F)
               not set up for use with LaTeX.

See the LaTeX manual or LaTeX Companion for explanation.
Type  H <return>  for immediate help.
 ...                                              
                                                  
l.53 013 & б Ї
               & l & l (consonant) & consonants \\
You may provide a definition with
\DeclareUnicodeCharacter 

Appendices/AppendixA.tex:55: Undefined control sequence.
\LT@@hline ... \tag_mc_end: \tbl_gdecr_row_count: 
                                                  }\cr \CT@LT@sep \multispan...
l.55 0
      14 & б ® & m & m (consonant) & consonants \\
The control sequence at the end of the top line
of your error message was never \def'ed. If you have
misspelled it (e.g., `\hobx'), type `I' and the correct
spelling (e.g., `I\hbox'). Otherwise just continue,
and I'll forget about whatever was undefined.

Appendices/AppendixA.tex:55: Undefined control sequence.
\LT@@hline ... \tag_mc_end: \tbl_gdecr_row_count: 
                                                  }\cr \noalign {\penalty \@...
l.55 0
      14 & б ® & m & m (consonant) & consonants \\
The control sequence at the end of the top line
of your error message was never \def'ed. If you have
misspelled it (e.g., `\hobx'), type `I' and the correct
spelling (e.g., `I\hbox'). Otherwise just continue,
and I'll forget about whatever was undefined.


Appendices/AppendixA.tex:55: LaTeX Error: Unicode character б ® (U+182E)
               not set up for use with LaTeX.

See the LaTeX manual or LaTeX Companion for explanation.
Type  H <return>  for immediate help.
 ...                                              
                                                  
l.55 014 & б ®
               & m & m (consonant) & consonants \\
You may provide a definition with
\DeclareUnicodeCharacter 

Appendices/AppendixA.tex:57: Undefined control sequence.
\LT@@hline ... \tag_mc_end: \tbl_gdecr_row_count: 
                                                  }\cr \CT@LT@sep \multispan...
l.57 0
      15 & б Ё & n & n (consonant) & consonants \\
The control sequence at the end of the top line
of your error message was never \def'ed. If you have
misspelled it (e.g., `\hobx'), type `I' and the correct
spelling (e.g., `I\hbox'). Otherwise just continue,
and I'll forget about whatever was undefined.

Appendices/AppendixA.tex:57: Undefined control sequence.
\LT@@hline ... \tag_mc_end: \tbl_gdecr_row_count: 
                                                  }\cr \noalign {\penalty \@...
l.57 0
      15 & б Ё & n & n (consonant) & consonants \\
The control sequence at the end of the top line
of your error message was never \def'ed. If you have
misspelled it (e.g., `\hobx'), type `I' and the correct
spelling (e.g., `I\hbox'). Otherwise just continue,
and I'll forget about whatever was undefined.


Appendices/AppendixA.tex:57: LaTeX Error: Unicode character б Ё (U+1828)
               not set up for use with LaTeX.

See the LaTeX manual or LaTeX Companion for explanation.
Type  H <return>  for immediate help.
 ...                                              
                                                  
l.57 015 & б Ё
               & n & n (consonant) & consonants \\
You may provide a definition with
\DeclareUnicodeCharacter 

Appendices/AppendixA.tex:59: Undefined control sequence.
\LT@@hline ... \tag_mc_end: \tbl_gdecr_row_count: 
                                                  }\cr \CT@LT@sep \multispan...
l.59 \end
         {longtable}
The control sequence at the end of the top line
of your error message was never \def'ed. If you have
misspelled it (e.g., `\hobx'), type `I' and the correct
spelling (e.g., `I\hbox'). Otherwise just continue,
and I'll forget about whatever was undefined.

Appendices/AppendixA.tex:59: Undefined control sequence.
\LT@@hline ... \tag_mc_end: \tbl_gdecr_row_count: 
                                                  }\cr \noalign {\penalty \@...
l.59 \end
         {longtable}
The control sequence at the end of the top line
of your error message was never \def'ed. If you have
misspelled it (e.g., `\hobx'), type `I' and the correct
spelling (e.g., `I\hbox'). Otherwise just continue,
and I'll forget about whatever was undefined.


Overfull \hbox (8.36746pt too wide) in alignment at lines 27--59
 [] [] [] [] [] 
 []


Package longtable Warning: Column widths have changed
(longtable)                in table 13 on input line 59.

[42



] [43] [44]) [45]

LaTeX Warning: Empty bibliography on input line 180.


Package longtable Warning: Table widths have changed. Rerun LaTeX.

(c:\Users\68\Desktop\movieApp\diplom-main\%OUTDIR%\main.aux (c:\Users\68\Desktop\movieApp\diplom-main\%OUTDIR%\FrontBackMatter/TittlePage.aux) (c:\Users\68\Desktop\movieApp\diplom-main\%OUTDIR%\FrontBackMatter/Abstract.aux) (c:\Users\68\Desktop\movieApp\diplom-main\%OUTDIR%\FrontBackMatter/Abberaviation.aux) (c:\Users\68\Desktop\movieApp\diplom-main\%OUTDIR%\FrontBackMatter/TableOfContent.aux) (c:\Users\68\Desktop\movieApp\diplom-main\%OUTDIR%\Chapters/Chapter1.aux) (c:\Users\68\Desktop\movieApp\diplom-main\%OUTDIR%\Chapters/Chapter2.aux) (c:\Users\68\Desktop\movieApp\diplom-main\%OUTDIR%\Chapters/Chapter3.aux) (c:\Users\68\Desktop\movieApp\diplom-main\%OUTDIR%\Chapters/Chapter4.aux) (c:\Users\68\Desktop\movieApp\diplom-main\%OUTDIR%\Chapters/Chapter5.aux) (c:\Users\68\Desktop\movieApp\diplom-main\%OUTDIR%\Appendices/AppendixA.aux))
 ***********
LaTeX2e <2023-11-01> patch level 1
L3 programming layer <2024-01-04>
 ***********


LaTeX Warning: There were undefined references.


LaTeX Warning: Label(s) may have changed. Rerun to get cross-references right.


Package rerunfilecheck Warning: File `main.out' has changed.
(rerunfilecheck)                Rerun to get outlines right
(rerunfilecheck)                or use package `bookmark'.

Package rerunfilecheck Info: Checksums for `main.out':
(rerunfilecheck)             Before: <no file>
(rerunfilecheck)             After:  2C7297B27CDCDB3B76E0286E70D13CBF;25918.

Package biblatex Warning: Please (re)run Biber on the file:
(biblatex)                main
(biblatex)                and rerun LaTeX afterwards.

Package logreq Info: Writing requests to 'main.run.xml'.
\openout1 = `main.run.xml'.

 ) 
Here is how much of TeX's memory you used:
 38453 strings out of 474485
 745965 string characters out of 5745149
 2261542 words of memory out of 5000000
 59576 multiletter control sequences out of 15000+600000
 574981 words of font info for 71 fonts, out of 8000000 for 9000
 1141 hyphenation exceptions out of 8191
 84i,11n,87p,1781b,2032s stack positions out of 10000i,1000n,20000p,200000b,200000s
 <C:\Users\68\AppData\Local\MiKTeX\fonts/pk/ljfour/lh/lh-t2a/dpi600\larm1095.pk> <C:\Users\68\AppData\Local\MiKTeX\fonts/pk/ljfour/lh/lh-t2a/dpi600\lati1200.pk> <C:\Users\68\AppData\Local\MiKTeX\fonts/pk/ljfour/lh/lh-t2a/dpi600\latt0800.pk> <C:\Users\68\AppData\Local\MiKTeX\fonts/pk/ljfour/lh/lh-t2a/dpi600\larm0600.pk> <C:\Users\68\AppData\Local\MiKTeX\fonts/pk/ljfour/lh/lh-t2a/dpi600\latt1200.pk> <C:\Users\68\AppData\Local\MiKTeX\fonts/pk/ljfour/jknappen/ec/dpi600\tcrm1200.pk> <C:\Users\68\AppData\Local\MiKTeX\fonts/pk/ljfour/lh/lh-t2a/dpi600\larm1440.pk> <C:\Users\68\AppData\Local\MiKTeX\fonts/pk/ljfour/lh/lh-t2a/dpi600\lacc1728.pk> <C:\Users\68\AppData\Local\MiKTeX\fonts/pk/ljfour/lh/lh-t2a/dpi600\labx1728.pk> <C:\Users\68\AppData\Local\MiKTeX\fonts/pk/ljfour/lh/lh-t2a/dpi600\laxc1200.pk> <C:\Users\68\AppData\Local\MiKTeX\fonts/pk/ljfour/lh/lh-t2a/dpi600\labx1200.pk> <C:\Users\68\AppData\Local\MiKTeX\fonts/pk/ljfour/lh/lh-t2a/dpi600\labx1440.pk> <C:\Users\68\AppData\Local\MiKTeX\fonts/pk/ljfour/lh/lh-t2a/dpi600\larm1200.pk> <C:\Users\68\AppData\Local\MiKTeX\fonts/pk/ljfour/lh/lh-t2a/dpi600\laxc1440.pk>
Output written on c:\Users\68\Desktop\movieApp\diplom-main\%OUTDIR%\main.pdf (50 pages, 1003393 bytes).
PDF statistics:
 1683 PDF objects out of 1728 (max. 8388607)
 547 named destinations out of 1000 (max. 500000)
 139 words of extra memory for PDF output out of 10000 (max. 10000000)

